FRAMING RESULTS,,,,,,,
"Each row of the raw data on the Ask and Framing tabs refers, respectively to: (1) a potential Ask action e.g., ""contact""=PERFORM on the Ask tab; or (2) a potential Framing action, e.g., ""win""=GAIN on the Framing tab. Potential Asks and Framings are extracted from a set of anonymized emails---suspected scam/impersonation emails collected by Panacea team members---using dependency/constituency parsing and semantic role labeling (SRL). If an Ask (GIVE, PERFORM) or Framing (GAIN, LOSE) is assigned by Panacea Ask Detection, the cell will indicate this assignment, e.g., ""Ask:PERFORM Verb:contact"".  On the TopAsk tab: (3) all top ask assignments are marked ""Top:X"". For all three tabs, each column (0-6) is an experimental condition, such as ""no LCS, no CatVar, No Verbal(VB) processing, No Structural(URL) processing"". If the word ""No"" is in front of a condition, it means it is not used in the experiment; if ""No"" is absent, then the condition is used in the experiment.  Finally, for all three tabs, each cell is marked as one of four outcomes of the Panacea Ask/Framing Detection system, measured against Ground Truth: True Positive (TP), True Negative (TN), False Positive (FP), False Negative (FN). Ground truth is available on the Ask Detection website. Note: The Case Index in GT is aligned with the Case Index in the Experimental Data. Also, see Dorr et al., AAAI 2020 for overall Precision, Recall, and F results based on these outcomes.",,,,,,,
,,,,,,,
CASES,,,,,,,
Case Index,Case,,,,,,
0,No LCS No Catvar No VB No URL,,,,,,
1,LCS No Catvar No VB No URL,,,,,,
2,LCS+ No Catvar No VB No URL,,,,,,
3,LCS+ No Catvar VB No URL,,,,,,
4,LCS+ Catvar VB No URL,,,,,,
5,LCS+ Catvar VB Basic URL,,,,,,
6,LCS+ Catvar VB Advanced URL,,,,,,
,,,,,,,
RAW DATA,,,,,,,
Case Index-->,0,1,2,3,4,5,6
1,FN: 1 Framing: Verb:stuck,TP: 1 Framing:LOSE Verb:stuck,TP: 1 Framing:LOSE Verb:stuck,TP: 1 Framing:LOSE Verb:stuck,TP: 1 Framing:LOSE Verb:stuck,TP: 1 Framing:LOSE Verb:stuck,TP: 1 Framing:LOSE Verb:stuck
2,TN: 1 Framing: Verb:am,TN: 1 Framing: Verb:am,TN: 1 Framing: Verb:am,TN: 1 Framing: Verb:am,TN: 1 Framing: Verb:am,TN: 1 Framing: Verb:am,TN: 1 Framing: Verb:am
3,TN: 2 Framing: Verb:help,TN: 2 Framing: Verb:help,TN: 2 Framing: Verb:help,TN: 2 Framing: Verb:help,TN: 2 Framing: Verb:help,TN: 2 Framing: Verb:help,TN: 2 Framing: Verb:help
4,TN: 3 Framing: Verb:sending,TN: 3 Framing: Verb:sending,TN: 3 Framing: Verb:sending,TN: 3 Framing: Verb:sending,TN: 3 Framing: Verb:sending,TN: 3 Framing: Verb:sending,TN: 3 Framing: Verb:sending
5,TN: 4 Framing: Verb:hello,TN: 4 Framing: Verb:hello,TN: 4 Framing: Verb:hello,TN: 4 Framing: Verb:hello,TN: 4 Framing: Verb:hello,TN: 4 Framing: Verb:hello,TN: 4 Framing: Verb:hello
6,TN: 5 Framing: Verb:wow,FP: 1 Framing:LOSE Verb:wow,TN: 5 Framing: Verb:wow,TN: 5 Framing: Verb:wow,TN: 5 Framing: Verb:wow,TN: 5 Framing: Verb:wow,TN: 5 Framing: Verb:wow
7,TN: 6 Framing: Verb:congratulation,TN: 5 Framing: Verb:congratulation,TN: 6 Framing: Verb:congratulation,TN: 6 Framing: Verb:congratulation,TN: 6 Framing: Verb:congratulation,TN: 6 Framing: Verb:congratulation,TN: 6 Framing: Verb:congratulation
8,TN: 7 Framing: Verb:inform,TN: 6 Framing: Verb:inform,TN: 7 Framing: Verb:inform,TN: 7 Framing: Verb:inform,TN: 7 Framing: Verb:inform,TN: 7 Framing: Verb:inform,TN: 7 Framing: Verb:inform
9,TN: 8 Framing: Verb:is,TN: 7 Framing: Verb:is,TN: 8 Framing: Verb:is,TN: 8 Framing: Verb:is,TN: 8 Framing: Verb:is,TN: 8 Framing: Verb:is,TN: 8 Framing: Verb:is
10,FP: 1 Framing:GAIN Verb:have,TN: 8 Framing: Verb:have,TN: 9 Framing: Verb:have,TN: 9 Framing: Verb:have,TN: 9 Framing: Verb:have,TN: 9 Framing: Verb:have,TN: 9 Framing: Verb:have
11,FN: 2 Framing: Verb:won,TP: 2 Framing:GAIN Verb:won,TP: 2 Framing:GAIN Verb:won,TP: 2 Framing:GAIN Verb:won,TP: 2 Framing:GAIN Verb:won,TP: 2 Framing:GAIN Verb:won,TP: 2 Framing:GAIN Verb:won
12,TN: 9 Framing: Verb:contact,TN: 9 Framing: Verb:contact,TN: 10 Framing: Verb:contact,TN: 10 Framing: Verb:contact,TN: 10 Framing: Verb:contact,TN: 10 Framing: Verb:contact,TN: 10 Framing: Verb:contact
13,TN: 10 Framing: Verb:.,TN: 10 Framing: Verb:.,TN: 11 Framing: Verb:.,TN: 11 Framing: Verb:.,TN: 11 Framing: Verb:.,TN: 11 Framing: Verb:.,TN: 11 Framing: Verb:.
14,TN: 11 Framing: Verb:jw11@example.com,TN: 11 Framing: Verb:jw11@example.com,TN: 12 Framing: Verb:jw11@example.com,TN: 12 Framing: Verb:jw11@example.com,TN: 12 Framing: Verb:jw11@example.com,TN: 12 Framing: Verb:jw11@example.com,TN: 12 Framing: Verb:jw11@example.com
15,TN: 12 Framing: Verb:yours,TN: 12 Framing: Verb:yours,TN: 13 Framing: Verb:yours,TN: 13 Framing: Verb:yours,TN: 13 Framing: Verb:yours,TN: 13 Framing: Verb:yours,TN: 13 Framing: Verb:yours
16,TN: 13 Framing: Verb:--,TN: 13 Framing: Verb:--,TN: 14 Framing: Verb:--,TN: 14 Framing: Verb:--,TN: 14 Framing: Verb:--,TN: 14 Framing: Verb:--,TN: 14 Framing: Verb:--
17,TN: 14 Framing: Verb:director,TN: 14 Framing: Verb:director,TN: 15 Framing: Verb:director,TN: 15 Framing: Verb:director,TN: 15 Framing: Verb:director,TN: 15 Framing: Verb:director,TN: 15 Framing: Verb:director
18,TN: 15 Framing: Verb:austin,TN: 15 Framing: Verb:austin,TN: 16 Framing: Verb:austin,TN: 16 Framing: Verb:austin,TN: 16 Framing: Verb:austin,TN: 16 Framing: Verb:austin,TN: 16 Framing: Verb:austin
19,TN: 16 Framing: Verb:hello,TN: 16 Framing: Verb:hello,TN: 17 Framing: Verb:hello,TN: 17 Framing: Verb:hello,TN: 17 Framing: Verb:hello,TN: 17 Framing: Verb:hello,TN: 17 Framing: Verb:hello
20,TN: 17 Framing: Verb:sent,TN: 17 Framing: Verb:sent,TN: 18 Framing: Verb:sent,TN: 18 Framing: Verb:sent,TN: 18 Framing: Verb:sent,TN: 18 Framing: Verb:sent,TN: 18 Framing: Verb:sent
21,TN: 18 Framing: Verb:url,TN: 18 Framing: Verb:url,TN: 19 Framing: Verb:url,TN: 19 Framing: Verb:url,TN: 19 Framing: Verb:url,TN: 19 Framing: Verb:url,TN: 19 Framing: Verb:url
22,TN: 19 Framing: Verb:signing,TN: 19 Framing: Verb:signing,TN: 20 Framing: Verb:signing,TN: 20 Framing: Verb:signing,TN: 20 Framing: Verb:signing,TN: 20 Framing: Verb:signing,TN: 20 Framing: Verb:signing
23,TN: 20 Framing: Verb:use,TN: 20 Framing: Verb:use,TN: 21 Framing: Verb:use,TN: 21 Framing: Verb:use,TN: 21 Framing: Verb:use,TN: 21 Framing: Verb:use,TN: 21 Framing: Verb:use
24,TN: 21 Framing: Verb:following,TN: 21 Framing: Verb:following,TN: 22 Framing: Verb:following,TN: 22 Framing: Verb:following,TN: 22 Framing: Verb:following,TN: 22 Framing: Verb:following,TN: 22 Framing: Verb:following
25,TN: 22 Framing: Verb:complete,TN: 22 Framing: Verb:complete,TN: 23 Framing: Verb:complete,TN: 23 Framing: Verb:complete,TN: 23 Framing: Verb:complete,TN: 23 Framing: Verb:complete,TN: 23 Framing: Verb:complete
26,TN: 23 Framing: Verb:15966,TN: 23 Framing: Verb:15966,TN: 24 Framing: Verb:15966,TN: 24 Framing: Verb:15966,TN: 24 Framing: Verb:15966,TN: 24 Framing: Verb:15966,TN: 24 Framing: Verb:15966
27,TN: 24 Framing: Verb:thanks,TN: 24 Framing: Verb:thanks,TN: 25 Framing: Verb:thanks,TN: 25 Framing: Verb:thanks,TN: 25 Framing: Verb:thanks,TN: 25 Framing: Verb:thanks,TN: 25 Framing: Verb:thanks
28,TN: 25 Framing: Verb:newspost,TN: 25 Framing: Verb:newspost,TN: 26 Framing: Verb:newspost,TN: 26 Framing: Verb:newspost,TN: 26 Framing: Verb:newspost,TN: 26 Framing: Verb:newspost,TN: 26 Framing: Verb:newspost
29,TN: 26 Framing: Verb:ask,TN: 26 Framing: Verb:ask,TN: 27 Framing: Verb:ask,TN: 27 Framing: Verb:ask,TN: 27 Framing: Verb:ask,TN: 27 Framing: Verb:ask,TN: 27 Framing: Verb:ask
30,TN: 27 Framing: Verb:go,TN: 27 Framing: Verb:go,TN: 28 Framing: Verb:go,TN: 28 Framing: Verb:go,TN: 28 Framing: Verb:go,TN: 28 Framing: Verb:go,TN: 28 Framing: Verb:go
31,TN: 28 Framing: Verb:do,TN: 28 Framing: Verb:do,TN: 29 Framing: Verb:do,TN: 29 Framing: Verb:do,TN: 29 Framing: Verb:do,TN: 29 Framing: Verb:do,TN: 29 Framing: Verb:do
32,TN: 29 Framing: Verb:trust,TN: 29 Framing: Verb:trust,TN: 30 Framing: Verb:trust,TN: 30 Framing: Verb:trust,TN: 30 Framing: Verb:trust,TN: 30 Framing: Verb:trust,TN: 30 Framing: Verb:trust
33,TN: 30 Framing: Verb:employees,TN: 30 Framing: Verb:employees,TN: 31 Framing: Verb:employees,TN: 31 Framing: Verb:employees,TN: 31 Framing: Verb:employees,TN: 31 Framing: Verb:employees,TN: 31 Framing: Verb:employees
34,TN: 31 Framing: Verb:able,TN: 31 Framing: Verb:able,TN: 32 Framing: Verb:able,TN: 32 Framing: Verb:able,TN: 32 Framing: Verb:able,TN: 32 Framing: Verb:able,TN: 32 Framing: Verb:able
35,TN: 32 Framing: Verb:be,TN: 32 Framing: Verb:be,TN: 33 Framing: Verb:be,TN: 33 Framing: Verb:be,TN: 33 Framing: Verb:be,TN: 33 Framing: Verb:be,TN: 33 Framing: Verb:be
36,TP: 1 Framing:GAIN Verb:get,TP: 3 Framing:GAIN Verb:get,TP: 3 Framing:GAIN Verb:get,TP: 3 Framing:GAIN Verb:get,TP: 3 Framing:GAIN Verb:get,TP: 3 Framing:GAIN Verb:get,TP: 3 Framing:GAIN Verb:get
37,TN: 33 Framing: Verb:check,TN: 33 Framing: Verb:check,TN: 34 Framing: Verb:check,TN: 34 Framing: Verb:check,TN: 34 Framing: Verb:check,TN: 34 Framing: Verb:check,TN: 34 Framing: Verb:check
38,TN: 34 Framing: Verb:work,TN: 34 Framing: Verb:work,TN: 35 Framing: Verb:work,TN: 35 Framing: Verb:work,TN: 35 Framing: Verb:work,TN: 35 Framing: Verb:work,TN: 35 Framing: Verb:work
39,TN: 35 Framing: Verb:copy,TN: 35 Framing: Verb:copy,TN: 36 Framing: Verb:copy,TN: 36 Framing: Verb:copy,TN: 36 Framing: Verb:copy,TN: 36 Framing: Verb:copy,TN: 36 Framing: Verb:copy
40,TN: 36 Framing: Verb:paste,TN: 36 Framing: Verb:paste,TN: 37 Framing: Verb:paste,TN: 37 Framing: Verb:paste,TN: 37 Framing: Verb:paste,TN: 37 Framing: Verb:paste,TN: 37 Framing: Verb:paste
41,TN: 37 Framing: Verb:following,TN: 37 Framing: Verb:following,TN: 38 Framing: Verb:following,TN: 38 Framing: Verb:following,TN: 38 Framing: Verb:following,TN: 38 Framing: Verb:following,TN: 38 Framing: Verb:following
42,TN: 38 Framing: Verb:url,TN: 38 Framing: Verb:url,TN: 39 Framing: Verb:url,TN: 39 Framing: Verb:url,TN: 39 Framing: Verb:url,TN: 39 Framing: Verb:url,TN: 39 Framing: Verb:url
43,TN: 39 Framing: Verb:does,TN: 39 Framing: Verb:does,TN: 40 Framing: Verb:does,TN: 40 Framing: Verb:does,TN: 40 Framing: Verb:does,TN: 40 Framing: Verb:does,TN: 40 Framing: Verb:does
44,TN: 40 Framing: Verb:regards,TN: 40 Framing: Verb:regards,TN: 41 Framing: Verb:regards,TN: 41 Framing: Verb:regards,TN: 41 Framing: Verb:regards,TN: 41 Framing: Verb:regards,TN: 41 Framing: Verb:regards
45,TN: 41 Framing: Verb:richard,TN: 41 Framing: Verb:richard,TN: 42 Framing: Verb:richard,TN: 42 Framing: Verb:richard,TN: 42 Framing: Verb:richard,TN: 42 Framing: Verb:richard,TN: 42 Framing: Verb:richard
46,TN: 42 Framing: Verb:sign,TN: 42 Framing: Verb:sign,TN: 43 Framing: Verb:sign,TN: 43 Framing: Verb:sign,TN: 43 Framing: Verb:sign,TN: 43 Framing: Verb:sign,TN: 43 Framing: Verb:sign
47,TN: 43 Framing: Verb:receive,TN: 43 Framing: Verb:receive,TN: 44 Framing: Verb:receive,TN: 44 Framing: Verb:receive,TN: 44 Framing: Verb:receive,TN: 44 Framing: Verb:receive,TN: 44 Framing: Verb:receive
48,TN: 44 Framing: Verb:be,TN: 44 Framing: Verb:be,TN: 45 Framing: Verb:be,TN: 45 Framing: Verb:be,TN: 45 Framing: Verb:be,TN: 45 Framing: Verb:be,TN: 45 Framing: Verb:be
49,TN: 45 Framing: Verb:notifed,TN: 45 Framing: Verb:notifed,TN: 46 Framing: Verb:notifed,TN: 46 Framing: Verb:notifed,TN: 46 Framing: Verb:notifed,TN: 46 Framing: Verb:notifed,TN: 46 Framing: Verb:notifed
50,TN: 46 Framing: Verb:alerts,TN: 46 Framing: Verb:alerts,TN: 47 Framing: Verb:alerts,TN: 47 Framing: Verb:alerts,TN: 47 Framing: Verb:alerts,TN: 47 Framing: Verb:alerts,TN: 47 Framing: Verb:alerts
51,TN: 47 Framing: Verb:service,TN: 47 Framing: Verb:service,TN: 48 Framing: Verb:service,TN: 48 Framing: Verb:service,TN: 48 Framing: Verb:service,TN: 48 Framing: Verb:service,TN: 48 Framing: Verb:service
52,TN: 48 Framing: Verb:is,TN: 48 Framing: Verb:is,TN: 49 Framing: Verb:is,TN: 49 Framing: Verb:is,TN: 49 Framing: Verb:is,TN: 49 Framing: Verb:is,TN: 49 Framing: Verb:is
53,TN: 49 Framing: Verb:unsubscribe,TN: 49 Framing: Verb:unsubscribe,TN: 50 Framing: Verb:unsubscribe,TN: 50 Framing: Verb:unsubscribe,TN: 50 Framing: Verb:unsubscribe,TN: 50 Framing: Verb:unsubscribe,TN: 50 Framing: Verb:unsubscribe
54,TN: 50 Framing: Verb:receive,TN: 50 Framing: Verb:receive,TN: 51 Framing: Verb:receive,TN: 51 Framing: Verb:receive,TN: 51 Framing: Verb:receive,TN: 51 Framing: Verb:receive,TN: 51 Framing: Verb:receive
55,TN: 51 Framing: Verb:reply,TN: 51 Framing: Verb:reply,TN: 52 Framing: Verb:reply,TN: 52 Framing: Verb:reply,TN: 52 Framing: Verb:reply,TN: 52 Framing: Verb:reply,TN: 52 Framing: Verb:reply
56,TN: 52 Framing: Verb:thank,TN: 52 Framing: Verb:thank,TN: 53 Framing: Verb:thank,TN: 53 Framing: Verb:thank,TN: 53 Framing: Verb:thank,TN: 53 Framing: Verb:thank,TN: 53 Framing: Verb:thank
57,TN: 53 Framing: Verb:med,TN: 53 Framing: Verb:med,TN: 54 Framing: Verb:med,TN: 54 Framing: Verb:med,TN: 54 Framing: Verb:med,TN: 54 Framing: Verb:med,TN: 54 Framing: Verb:med
58,TN: 54 Framing: Verb:larry,TN: 54 Framing: Verb:larry,TN: 55 Framing: Verb:larry,TN: 55 Framing: Verb:larry,TN: 55 Framing: Verb:larry,TN: 55 Framing: Verb:larry,TN: 55 Framing: Verb:larry
59,TN: 55 Framing: Verb:hope,TN: 55 Framing: Verb:hope,TN: 56 Framing: Verb:hope,TN: 56 Framing: Verb:hope,TN: 56 Framing: Verb:hope,TN: 56 Framing: Verb:hope,TN: 56 Framing: Verb:hope
60,FN: 3 Framing: Verb:enjoy,FP: 2 Framing:LOSE Verb:enjoy,FN: 1 Framing: Verb:enjoy,FN: 1 Framing: Verb:enjoy,FN: 1 Framing: Verb:enjoy,FN: 1 Framing: Verb:enjoy,FN: 1 Framing: Verb:enjoy
61,FP: 2 Framing:GAIN Verb:have,TN: 56 Framing: Verb:have,TN: 57 Framing: Verb:have,TN: 57 Framing: Verb:have,TN: 57 Framing: Verb:have,TN: 57 Framing: Verb:have,TN: 57 Framing: Verb:have
62,TN: 56 Framing: Verb:250,TN: 57 Framing: Verb:250,TN: 58 Framing: Verb:250,TN: 58 Framing: Verb:250,TN: 58 Framing: Verb:250,TN: 58 Framing: Verb:250,TN: 58 Framing: Verb:250
63,TN: 57 Framing: Verb:$,TN: 58 Framing: Verb:$,TN: 59 Framing: Verb:$,TN: 59 Framing: Verb:$,TN: 59 Framing: Verb:$,TN: 59 Framing: Verb:$,TN: 59 Framing: Verb:$
64,TN: 58 Framing: Verb:card,TN: 59 Framing: Verb:card,TN: 60 Framing: Verb:card,TN: 60 Framing: Verb:card,TN: 60 Framing: Verb:card,TN: 60 Framing: Verb:card,TN: 60 Framing: Verb:card
65,FP: 3 Framing:GAIN Verb:have,TN: 60 Framing: Verb:have,TN: 61 Framing: Verb:have,TN: 61 Framing: Verb:have,TN: 61 Framing: Verb:have,TN: 61 Framing: Verb:have,TN: 61 Framing: Verb:have
66,TN: 59 Framing: Verb:sign-up,TN: 61 Framing: Verb:sign-up,TN: 62 Framing: Verb:sign-up,TN: 62 Framing: Verb:sign-up,TN: 62 Framing: Verb:sign-up,TN: 62 Framing: Verb:sign-up,TN: 62 Framing: Verb:sign-up
67,TN: 60 Framing: Verb:redeem,TN: 62 Framing: Verb:redeem,TN: 63 Framing: Verb:redeem,TN: 63 Framing: Verb:redeem,TN: 63 Framing: Verb:redeem,TN: 63 Framing: Verb:redeem,TN: 63 Framing: Verb:redeem
68,TN: 61 Framing: Verb:code,TN: 63 Framing: Verb:code,TN: 64 Framing: Verb:code,TN: 64 Framing: Verb:code,TN: 64 Framing: Verb:code,TN: 64 Framing: Verb:code,TN: 64 Framing: Verb:code
69,TN: 62 Framing: Verb:8jdk-dfs46w4vs3-54418,TN: 64 Framing: Verb:8jdk-dfs46w4vs3-54418,TN: 65 Framing: Verb:8jdk-dfs46w4vs3-54418,TN: 65 Framing: Verb:8jdk-dfs46w4vs3-54418,TN: 65 Framing: Verb:8jdk-dfs46w4vs3-54418,TN: 65 Framing: Verb:8jdk-dfs46w4vs3-54418,TN: 65 Framing: Verb:8jdk-dfs46w4vs3-54418
70,TN: 63 Framing: Verb:added,TN: 65 Framing: Verb:added,TN: 66 Framing: Verb:added,TN: 66 Framing: Verb:added,TN: 66 Framing: Verb:added,TN: 66 Framing: Verb:added,TN: 66 Framing: Verb:added
71,TN: 64 Framing: Verb:applied,TN: 66 Framing: Verb:applied,TN: 67 Framing: Verb:applied,TN: 67 Framing: Verb:applied,TN: 67 Framing: Verb:applied,TN: 67 Framing: Verb:applied,TN: 67 Framing: Verb:applied
72,TN: 65 Framing: Verb:be,TN: 67 Framing: Verb:be,TN: 68 Framing: Verb:be,TN: 68 Framing: Verb:be,TN: 68 Framing: Verb:be,TN: 68 Framing: Verb:be,TN: 68 Framing: Verb:be
73,TN: 66 Framing: Verb:be,TN: 68 Framing: Verb:be,TN: 69 Framing: Verb:be,TN: 69 Framing: Verb:be,TN: 69 Framing: Verb:be,TN: 69 Framing: Verb:be,TN: 69 Framing: Verb:be
74,TN: 67 Framing: Verb:used,TN: 69 Framing: Verb:used,TN: 70 Framing: Verb:used,TN: 70 Framing: Verb:used,TN: 70 Framing: Verb:used,TN: 70 Framing: Verb:used,TN: 70 Framing: Verb:used
75,FN: 4 Framing: Verb:buy,TP: 4 Framing:GAIN Verb:buy,TP: 4 Framing:GAIN Verb:buy,TP: 4 Framing:GAIN Verb:buy,TP: 4 Framing:GAIN Verb:buy,TP: 4 Framing:GAIN Verb:buy,TP: 4 Framing:GAIN Verb:buy
76,TN: 68 Framing: Verb:required,TN: 70 Framing: Verb:required,TN: 71 Framing: Verb:required,TN: 71 Framing: Verb:required,TN: 71 Framing: Verb:required,TN: 71 Framing: Verb:required,TN: 71 Framing: Verb:required
77,TN: 69 Framing: Verb:redeemed,TN: 71 Framing: Verb:redeemed,TN: 72 Framing: Verb:redeemed,TN: 72 Framing: Verb:redeemed,TN: 72 Framing: Verb:redeemed,TN: 72 Framing: Verb:redeemed,TN: 72 Framing: Verb:redeemed
78,TN: 70 Framing: Verb:applied,TN: 72 Framing: Verb:applied,TN: 73 Framing: Verb:applied,TN: 73 Framing: Verb:applied,TN: 73 Framing: Verb:applied,TN: 73 Framing: Verb:applied,TN: 73 Framing: Verb:applied
79,TN: 71 Framing: Verb:be,TN: 73 Framing: Verb:be,TN: 74 Framing: Verb:be,TN: 74 Framing: Verb:be,TN: 74 Framing: Verb:be,TN: 74 Framing: Verb:be,TN: 74 Framing: Verb:be
80,TN: 72 Framing: Verb:do,TN: 74 Framing: Verb:do,TN: 75 Framing: Verb:do,TN: 75 Framing: Verb:do,TN: 75 Framing: Verb:do,TN: 75 Framing: Verb:do,TN: 75 Framing: Verb:do
81,TN: 73 Framing: Verb:want,TN: 75 Framing: Verb:want,TN: 76 Framing: Verb:want,TN: 76 Framing: Verb:want,TN: 76 Framing: Verb:want,TN: 76 Framing: Verb:want,TN: 76 Framing: Verb:want
82,TN: 74 Framing: Verb:use,TN: 76 Framing: Verb:use,TN: 77 Framing: Verb:use,TN: 77 Framing: Verb:use,TN: 77 Framing: Verb:use,TN: 77 Framing: Verb:use,TN: 77 Framing: Verb:use
83,TN: 75 Framing: Verb:reference,TN: 77 Framing: Verb:reference,TN: 78 Framing: Verb:reference,TN: 78 Framing: Verb:reference,TN: 78 Framing: Verb:reference,TN: 78 Framing: Verb:reference,TN: 78 Framing: Verb:reference
84,TN: 76 Framing: Verb:experience,TN: 78 Framing: Verb:experience,TN: 79 Framing: Verb:experience,TN: 79 Framing: Verb:experience,TN: 79 Framing: Verb:experience,TN: 79 Framing: Verb:experience,TN: 79 Framing: Verb:experience
85,TN: 77 Framing: Verb:using,TN: 79 Framing: Verb:using,TN: 80 Framing: Verb:using,TN: 80 Framing: Verb:using,TN: 80 Framing: Verb:using,TN: 80 Framing: Verb:using,TN: 80 Framing: Verb:using
86,TN: 78 Framing: Verb:providing,TN: 80 Framing: Verb:providing,TN: 81 Framing: Verb:providing,TN: 81 Framing: Verb:providing,TN: 81 Framing: Verb:providing,TN: 81 Framing: Verb:providing,TN: 81 Framing: Verb:providing
87,TN: 79 Framing: Verb:following,TN: 81 Framing: Verb:following,TN: 82 Framing: Verb:following,TN: 82 Framing: Verb:following,TN: 82 Framing: Verb:following,TN: 82 Framing: Verb:following,TN: 82 Framing: Verb:following
88,TN: 80 Framing: Verb:number,TN: 82 Framing: Verb:number,TN: 83 Framing: Verb:number,TN: 83 Framing: Verb:number,TN: 83 Framing: Verb:number,TN: 83 Framing: Verb:number,TN: 83 Framing: Verb:number
89,TN: 81 Framing: Verb:number,TN: 83 Framing: Verb:number,TN: 84 Framing: Verb:number,TN: 84 Framing: Verb:number,TN: 84 Framing: Verb:number,TN: 84 Framing: Verb:number,TN: 84 Framing: Verb:number
90,TN: 82 Framing: Verb:548-84159224-845169,TN: 84 Framing: Verb:548-84159224-845169,TN: 85 Framing: Verb:548-84159224-845169,TN: 85 Framing: Verb:548-84159224-845169,TN: 85 Framing: Verb:548-84159224-845169,TN: 85 Framing: Verb:548-84159224-845169,TN: 85 Framing: Verb:548-84159224-845169
91,TN: 83 Framing: Verb:sold,TN: 85 Framing: Verb:sold,TN: 86 Framing: Verb:sold,TN: 86 Framing: Verb:sold,TN: 86 Framing: Verb:sold,TN: 86 Framing: Verb:sold,TN: 86 Framing: Verb:sold
92,TN: 84 Framing: Verb:terms,TN: 86 Framing: Verb:terms,TN: 87 Framing: Verb:terms,TN: 87 Framing: Verb:terms,TN: 87 Framing: Verb:terms,TN: 87 Framing: Verb:terms,TN: 87 Framing: Verb:terms
93,TN: 85 Framing: Verb:conditions,TN: 87 Framing: Verb:conditions,TN: 88 Framing: Verb:conditions,TN: 88 Framing: Verb:conditions,TN: 88 Framing: Verb:conditions,TN: 88 Framing: Verb:conditions,TN: 88 Framing: Verb:conditions
94,TN: 86 Framing: Verb:send,TN: 88 Framing: Verb:send,TN: 89 Framing: Verb:send,TN: 89 Framing: Verb:send,TN: 89 Framing: Verb:send,TN: 89 Framing: Verb:send,TN: 89 Framing: Verb:send
95,TN: 87 Framing: Verb:do,TN: 89 Framing: Verb:do,TN: 90 Framing: Verb:do,TN: 90 Framing: Verb:do,TN: 90 Framing: Verb:do,TN: 90 Framing: Verb:do,TN: 90 Framing: Verb:do
96,TP: 2 Framing:LOSE Verb:lose,FN: 1 Framing: Verb:lose,TP: 5 Framing:LOSE Verb:lose,TP: 5 Framing:LOSE Verb:lose,TP: 5 Framing:LOSE Verb:lose,TP: 5 Framing:LOSE Verb:lose,TP: 5 Framing:LOSE Verb:lose
97,FN: 5 Framing: Verb:won,TP: 5 Framing:GAIN Verb:won,TP: 6 Framing:GAIN Verb:won,TP: 6 Framing:GAIN Verb:won,TP: 6 Framing:GAIN Verb:won,TP: 6 Framing:GAIN Verb:won,TP: 6 Framing:GAIN Verb:won
98,FP: 4 Framing:GAIN Verb:have,TN: 90 Framing: Verb:have,TN: 91 Framing: Verb:have,TN: 91 Framing: Verb:have,TN: 91 Framing: Verb:have,TN: 91 Framing: Verb:have,TN: 91 Framing: Verb:have
99,TN: 88 Framing: Verb:respond,TN: 91 Framing: Verb:respond,TN: 92 Framing: Verb:respond,TN: 92 Framing: Verb:respond,TN: 92 Framing: Verb:respond,TN: 92 Framing: Verb:respond,TN: 92 Framing: Verb:respond
100,TN: 89 Framing: Verb:star,FP: 3 Framing:LOSE Verb:star,TN: 93 Framing: Verb:star,TN: 93 Framing: Verb:star,TN: 93 Framing: Verb:star,TN: 93 Framing: Verb:star,TN: 93 Framing: Verb:star
101,TN: 90 Framing: Verb:be,TN: 92 Framing: Verb:be,TN: 94 Framing: Verb:be,TN: 94 Framing: Verb:be,TN: 94 Framing: Verb:be,TN: 94 Framing: Verb:be,TN: 94 Framing: Verb:be
102,TN: 91 Framing: Verb:featured,TN: 93 Framing: Verb:featured,TN: 95 Framing: Verb:featured,TN: 95 Framing: Verb:featured,TN: 95 Framing: Verb:featured,TN: 95 Framing: Verb:featured,TN: 95 Framing: Verb:featured
103,FN: 6 Framing: Verb:win,TP: 6 Framing:GAIN Verb:win,TP: 7 Framing:GAIN Verb:win,TP: 7 Framing:GAIN Verb:win,TP: 7 Framing:GAIN Verb:win,TP: 7 Framing:GAIN Verb:win,TP: 7 Framing:GAIN Verb:win
104,TN: 92 Framing: Verb:pets,TN: 94 Framing: Verb:pets,TN: 96 Framing: Verb:pets,TN: 96 Framing: Verb:pets,TN: 96 Framing: Verb:pets,TN: 96 Framing: Verb:pets,TN: 96 Framing: Verb:pets
105,TN: 93 Framing: Verb:brought,TN: 95 Framing: Verb:brought,TN: 97 Framing: Verb:brought,TN: 97 Framing: Verb:brought,TN: 97 Framing: Verb:brought,TN: 97 Framing: Verb:brought,TN: 97 Framing: Verb:brought
106,TN: 94 Framing: Verb:is,TN: 96 Framing: Verb:is,TN: 98 Framing: Verb:is,TN: 98 Framing: Verb:is,TN: 98 Framing: Verb:is,TN: 98 Framing: Verb:is,TN: 98 Framing: Verb:is
107,TN: 95 Framing: Verb:DogsAreFun.com,TN: 97 Framing: Verb:DogsAreFun.com,TN: 99 Framing: Verb:DogsAreFun.com,TN: 99 Framing: Verb:DogsAreFun.com,TN: 99 Framing: Verb:DogsAreFun.com,TN: 99 Framing: Verb:DogsAreFun.com,TN: 99 Framing: Verb:DogsAreFun.com
108,TN: 96 Framing: Verb:contest,TN: 98 Framing: Verb:contest,TN: 100 Framing: Verb:contest,TN: 100 Framing: Verb:contest,TN: 100 Framing: Verb:contest,TN: 100 Framing: Verb:contest,TN: 100 Framing: Verb:contest
109,TN: 97 Framing: Verb:this,TN: 99 Framing: Verb:this,TN: 101 Framing: Verb:this,TN: 101 Framing: Verb:this,TN: 101 Framing: Verb:this,TN: 101 Framing: Verb:this,TN: 101 Framing: Verb:this
110,TN: 98 Framing: Verb:enter,TN: 100 Framing: Verb:enter,TN: 102 Framing: Verb:enter,TN: 102 Framing: Verb:enter,TN: 102 Framing: Verb:enter,TN: 102 Framing: Verb:enter,TN: 102 Framing: Verb:enter
111,FP: 5 Framing:GAIN Verb:have,TN: 101 Framing: Verb:have,TN: 103 Framing: Verb:have,TN: 103 Framing: Verb:have,TN: 103 Framing: Verb:have,TN: 103 Framing: Verb:have,TN: 103 Framing: Verb:have
112,TN: 99 Framing: Verb:featured,TN: 102 Framing: Verb:featured,TN: 104 Framing: Verb:featured,TN: 104 Framing: Verb:featured,TN: 104 Framing: Verb:featured,TN: 104 Framing: Verb:featured,TN: 104 Framing: Verb:featured
113,TN: 100 Framing: Verb:plus,TN: 103 Framing: Verb:plus,TN: 105 Framing: Verb:plus,TN: 105 Framing: Verb:plus,TN: 105 Framing: Verb:plus,TN: 105 Framing: Verb:plus,TN: 105 Framing: Verb:plus
114,TN: 101 Framing: Verb:by,TN: 104 Framing: Verb:by,TN: 106 Framing: Verb:by,TN: 106 Framing: Verb:by,TN: 106 Framing: Verb:by,TN: 106 Framing: Verb:by,TN: 106 Framing: Verb:by
115,TN: 102 Framing: Verb:enter,TN: 105 Framing: Verb:enter,TN: 107 Framing: Verb:enter,TN: 107 Framing: Verb:enter,TN: 107 Framing: Verb:enter,TN: 107 Framing: Verb:enter,TN: 107 Framing: Verb:enter
116,TN: 103 Framing: Verb:submit,TN: 106 Framing: Verb:submit,TN: 108 Framing: Verb:submit,TN: 108 Framing: Verb:submit,TN: 108 Framing: Verb:submit,TN: 108 Framing: Verb:submit,TN: 108 Framing: Verb:submit
117,TN: 104 Framing: Verb:all,TN: 107 Framing: Verb:all,TN: 109 Framing: Verb:all,TN: 109 Framing: Verb:all,TN: 109 Framing: Verb:all,TN: 109 Framing: Verb:all,TN: 109 Framing: Verb:all
118,TN: 105 Framing: Verb:categories,TN: 108 Framing: Verb:categories,TN: 110 Framing: Verb:categories,TN: 110 Framing: Verb:categories,TN: 110 Framing: Verb:categories,TN: 110 Framing: Verb:categories,TN: 110 Framing: Verb:categories
119,TN: 106 Framing: Verb:following,TN: 109 Framing: Verb:following,TN: 111 Framing: Verb:following,TN: 111 Framing: Verb:following,TN: 111 Framing: Verb:following,TN: 111 Framing: Verb:following,TN: 111 Framing: Verb:following
120,TN: 107 Framing: Verb:dog,TN: 110 Framing: Verb:dog,TN: 112 Framing: Verb:dog,TN: 112 Framing: Verb:dog,TN: 112 Framing: Verb:dog,TN: 112 Framing: Verb:dog,TN: 112 Framing: Verb:dog
121,TN: 108 Framing: Verb:presented,TN: 111 Framing: Verb:presented,TN: 113 Framing: Verb:presented,TN: 113 Framing: Verb:presented,TN: 113 Framing: Verb:presented,TN: 113 Framing: Verb:presented,TN: 113 Framing: Verb:presented
122,TP: 3 Framing:GAIN Verb:get,TP: 7 Framing:GAIN Verb:get,TP: 8 Framing:GAIN Verb:get,TP: 8 Framing:GAIN Verb:get,TP: 8 Framing:GAIN Verb:get,TP: 8 Framing:GAIN Verb:get,TP: 8 Framing:GAIN Verb:get
123,TN: 109 Framing: Verb:presented,TN: 112 Framing: Verb:presented,TN: 114 Framing: Verb:presented,TN: 114 Framing: Verb:presented,TN: 114 Framing: Verb:presented,TN: 114 Framing: Verb:presented,TN: 114 Framing: Verb:presented
124,TN: 110 Framing: Verb:sleeping,TN: 113 Framing: Verb:sleeping,TN: 115 Framing: Verb:sleeping,TN: 115 Framing: Verb:sleeping,TN: 115 Framing: Verb:sleeping,TN: 115 Framing: Verb:sleeping,TN: 115 Framing: Verb:sleeping
125,FN: 7 Framing: Verb:pick,TP: 8 Framing:GAIN Verb:pick,TP: 9 Framing:GAIN Verb:pick,TP: 9 Framing:GAIN Verb:pick,TP: 9 Framing:GAIN Verb:pick,TP: 9 Framing:GAIN Verb:pick,TP: 9 Framing:GAIN Verb:pick
126,TN: 111 Framing: Verb:submit,TN: 114 Framing: Verb:submit,TN: 116 Framing: Verb:submit,TN: 116 Framing: Verb:submit,TN: 116 Framing: Verb:submit,TN: 116 Framing: Verb:submit,TN: 116 Framing: Verb:submit
127,TN: 112 Framing: Verb:vote,TN: 115 Framing: Verb:vote,TN: 117 Framing: Verb:vote,TN: 117 Framing: Verb:vote,TN: 117 Framing: Verb:vote,TN: 117 Framing: Verb:vote,TN: 117 Framing: Verb:vote
128,TN: 113 Framing: Verb:three,TN: 116 Framing: Verb:three,TN: 118 Framing: Verb:three,TN: 118 Framing: Verb:three,TN: 118 Framing: Verb:three,TN: 118 Framing: Verb:three,TN: 118 Framing: Verb:three
129,TN: 114 Framing: Verb:winners,TN: 117 Framing: Verb:winners,TN: 119 Framing: Verb:winners,TN: 119 Framing: Verb:winners,TN: 119 Framing: Verb:winners,TN: 119 Framing: Verb:winners,TN: 119 Framing: Verb:winners
130,TN: 115 Framing: Verb:are,TN: 118 Framing: Verb:are,TN: 120 Framing: Verb:are,TN: 120 Framing: Verb:are,TN: 120 Framing: Verb:are,TN: 120 Framing: Verb:are,TN: 120 Framing: Verb:are
131,TN: 116 Framing: Verb:waiting,TN: 119 Framing: Verb:waiting,TN: 121 Framing: Verb:waiting,TN: 121 Framing: Verb:waiting,TN: 121 Framing: Verb:waiting,TN: 121 Framing: Verb:waiting,TN: 121 Framing: Verb:waiting
132,TN: 117 Framing: Verb:ends,TN: 120 Framing: Verb:ends,TN: 122 Framing: Verb:ends,TN: 122 Framing: Verb:ends,TN: 122 Framing: Verb:ends,TN: 122 Framing: Verb:ends,TN: 122 Framing: Verb:ends
133,TN: 118 Framing: Verb:starts,TN: 121 Framing: Verb:starts,TN: 123 Framing: Verb:starts,TN: 123 Framing: Verb:starts,TN: 123 Framing: Verb:starts,TN: 123 Framing: Verb:starts,TN: 123 Framing: Verb:starts
134,TN: 119 Framing: Verb:reserved,FP: 4 Framing:GAIN Verb:reserved,FP: 1 Framing:GAIN Verb:reserved,FP: 1 Framing:GAIN Verb:reserved,FP: 1 Framing:GAIN Verb:reserved,FP: 1 Framing:GAIN Verb:reserved,FP: 1 Framing:GAIN Verb:reserved
135,TN: 120 Framing: Verb:©,TN: 122 Framing: Verb:©,TN: 124 Framing: Verb:©,TN: 124 Framing: Verb:©,TN: 124 Framing: Verb:©,TN: 124 Framing: Verb:©,TN: 124 Framing: Verb:©
136,TN: 121 Framing: Verb:media,TN: 123 Framing: Verb:media,TN: 125 Framing: Verb:media,TN: 125 Framing: Verb:media,TN: 125 Framing: Verb:media,TN: 125 Framing: Verb:media,TN: 125 Framing: Verb:media
137,TN: 122 Framing: Verb:|,TN: 124 Framing: Verb:|,TN: 126 Framing: Verb:|,TN: 126 Framing: Verb:|,TN: 126 Framing: Verb:|,TN: 126 Framing: Verb:|,TN: 126 Framing: Verb:|
138,TN: 123 Framing: Verb:avenue,TN: 125 Framing: Verb:avenue,TN: 127 Framing: Verb:avenue,TN: 127 Framing: Verb:avenue,TN: 127 Framing: Verb:avenue,TN: 127 Framing: Verb:avenue,TN: 127 Framing: Verb:avenue
139,TN: 124 Framing: Verb:intended,FP: 5 Framing:LOSE Verb:intended,TN: 128 Framing: Verb:intended,TN: 128 Framing: Verb:intended,TN: 128 Framing: Verb:intended,TN: 128 Framing: Verb:intended,TN: 128 Framing: Verb:intended
140,TN: 125 Framing: Verb:was,TN: 126 Framing: Verb:was,TN: 129 Framing: Verb:was,TN: 129 Framing: Verb:was,TN: 129 Framing: Verb:was,TN: 129 Framing: Verb:was,TN: 129 Framing: Verb:was
141,TN: 126 Framing: Verb:policy,TN: 127 Framing: Verb:policy,TN: 130 Framing: Verb:policy,TN: 130 Framing: Verb:policy,TN: 130 Framing: Verb:policy,TN: 130 Framing: Verb:policy,TN: 130 Framing: Verb:policy
142,TN: 127 Framing: Verb:|,TN: 128 Framing: Verb:|,TN: 131 Framing: Verb:|,TN: 131 Framing: Verb:|,TN: 131 Framing: Verb:|,TN: 131 Framing: Verb:|,TN: 131 Framing: Verb:|
143,TN: 128 Framing: Verb:unsubscribe,TN: 129 Framing: Verb:unsubscribe,TN: 132 Framing: Verb:unsubscribe,TN: 132 Framing: Verb:unsubscribe,TN: 132 Framing: Verb:unsubscribe,TN: 132 Framing: Verb:unsubscribe,TN: 132 Framing: Verb:unsubscribe
144,TN: 129 Framing: Verb:view,TN: 130 Framing: Verb:view,TN: 133 Framing: Verb:view,TN: 133 Framing: Verb:view,TN: 133 Framing: Verb:view,TN: 133 Framing: Verb:view,TN: 133 Framing: Verb:view
145,FN: 8 Framing: Verb:receive,FN: 2 Framing: Verb:receive,FN: 2 Framing: Verb:receive,FN: 2 Framing: Verb:receive,FN: 2 Framing: Verb:receive,FN: 2 Framing: Verb:receive,FN: 2 Framing: Verb:receive
146,TN: 130 Framing: Verb:is,TN: 131 Framing: Verb:is,TN: 134 Framing: Verb:is,TN: 134 Framing: Verb:is,TN: 134 Framing: Verb:is,TN: 134 Framing: Verb:is,TN: 134 Framing: Verb:is
147,TN: 131 Framing: Verb:done,TN: 132 Framing: Verb:done,TN: 135 Framing: Verb:done,TN: 135 Framing: Verb:done,TN: 135 Framing: Verb:done,TN: 135 Framing: Verb:done,TN: 135 Framing: Verb:done
148,TN: 132 Framing: Verb:assured,TN: 133 Framing: Verb:assured,TN: 136 Framing: Verb:assured,TN: 136 Framing: Verb:assured,TN: 136 Framing: Verb:assured,TN: 136 Framing: Verb:assured,TN: 136 Framing: Verb:assured
149,TN: 133 Framing: Verb:help,TN: 134 Framing: Verb:help,TN: 137 Framing: Verb:help,TN: 137 Framing: Verb:help,TN: 137 Framing: Verb:help,TN: 137 Framing: Verb:help,TN: 137 Framing: Verb:help
150,TN: 134 Framing: Verb:are,TN: 135 Framing: Verb:are,TN: 138 Framing: Verb:are,TN: 138 Framing: Verb:are,TN: 138 Framing: Verb:are,TN: 138 Framing: Verb:are,TN: 138 Framing: Verb:are
151,TN: 135 Framing: Verb:free,TN: 136 Framing: Verb:free,TN: 139 Framing: Verb:free,TN: 139 Framing: Verb:free,TN: 139 Framing: Verb:free,TN: 139 Framing: Verb:free,TN: 139 Framing: Verb:free
152,TN: 136 Framing: Verb:write,TN: 137 Framing: Verb:write,TN: 140 Framing: Verb:write,TN: 140 Framing: Verb:write,TN: 140 Framing: Verb:write,TN: 140 Framing: Verb:write,TN: 140 Framing: Verb:write
153,TN: 137 Framing: Verb:filing,TN: 138 Framing: Verb:filing,TN: 141 Framing: Verb:filing,TN: 141 Framing: Verb:filing,TN: 141 Framing: Verb:filing,TN: 141 Framing: Verb:filing,TN: 141 Framing: Verb:filing
154,TN: 138 Framing: Verb:sarah,TN: 139 Framing: Verb:sarah,TN: 142 Framing: Verb:sarah,TN: 142 Framing: Verb:sarah,TN: 142 Framing: Verb:sarah,TN: 142 Framing: Verb:sarah,TN: 142 Framing: Verb:sarah
155,TN: 139 Framing: Verb:send,TN: 140 Framing: Verb:send,TN: 143 Framing: Verb:send,TN: 143 Framing: Verb:send,TN: 143 Framing: Verb:send,TN: 143 Framing: Verb:send,TN: 143 Framing: Verb:send
156,TP: 4 Framing:GAIN Verb:get,TP: 9 Framing:GAIN Verb:get,TP: 10 Framing:GAIN Verb:get,TP: 10 Framing:GAIN Verb:get,TP: 10 Framing:GAIN Verb:get,TP: 10 Framing:GAIN Verb:get,TP: 10 Framing:GAIN Verb:get
157,TN: 140 Framing: Verb:regards,TN: 141 Framing: Verb:regards,TN: 144 Framing: Verb:regards,TN: 144 Framing: Verb:regards,TN: 144 Framing: Verb:regards,TN: 144 Framing: Verb:regards,TN: 144 Framing: Verb:regards
158,TN: 141 Framing: Verb:linden,TN: 142 Framing: Verb:linden,TN: 145 Framing: Verb:linden,TN: 145 Framing: Verb:linden,TN: 145 Framing: Verb:linden,TN: 145 Framing: Verb:linden,TN: 145 Framing: Verb:linden
159,TN: 142 Framing: Verb:johnson,TN: 143 Framing: Verb:johnson,TN: 146 Framing: Verb:johnson,TN: 146 Framing: Verb:johnson,TN: 146 Framing: Verb:johnson,TN: 146 Framing: Verb:johnson,TN: 146 Framing: Verb:johnson
160,TN: 143 Framing: Verb:invitation,TN: 144 Framing: Verb:invitation,TN: 147 Framing: Verb:invitation,TN: 147 Framing: Verb:invitation,TN: 147 Framing: Verb:invitation,TN: 147 Framing: Verb:invitation,TN: 147 Framing: Verb:invitation
161,TN: 144 Framing: Verb:held,TN: 145 Framing: Verb:held,TN: 148 Framing: Verb:held,TN: 148 Framing: Verb:held,TN: 148 Framing: Verb:held,TN: 148 Framing: Verb:held,TN: 148 Framing: Verb:held
162,TN: 145 Framing: Verb:be,TN: 146 Framing: Verb:be,TN: 149 Framing: Verb:be,TN: 149 Framing: Verb:be,TN: 149 Framing: Verb:be,TN: 149 Framing: Verb:be,TN: 149 Framing: Verb:be
163,TN: 146 Framing: Verb:organized,TN: 147 Framing: Verb:organized,TN: 150 Framing: Verb:organized,TN: 150 Framing: Verb:organized,TN: 150 Framing: Verb:organized,TN: 150 Framing: Verb:organized,TN: 150 Framing: Verb:organized
164,TN: 147 Framing: Verb:is,TN: 148 Framing: Verb:is,TN: 151 Framing: Verb:is,TN: 151 Framing: Verb:is,TN: 151 Framing: Verb:is,TN: 151 Framing: Verb:is,TN: 151 Framing: Verb:is
165,TN: 148 Framing: Verb:supported,FP: 6 Framing:LOSE Verb:supported,TN: 152 Framing: Verb:supported,TN: 152 Framing: Verb:supported,TN: 152 Framing: Verb:supported,TN: 152 Framing: Verb:supported,TN: 152 Framing: Verb:supported
166,TN: 149 Framing: Verb:take,TN: 149 Framing: Verb:take,TN: 153 Framing: Verb:take,TN: 153 Framing: Verb:take,TN: 153 Framing: Verb:take,TN: 153 Framing: Verb:take,TN: 153 Framing: Verb:take
167,TN: 150 Framing: Verb:own,TN: 150 Framing: Verb:own,TN: 154 Framing: Verb:own,TN: 154 Framing: Verb:own,TN: 154 Framing: Verb:own,TN: 154 Framing: Verb:own,TN: 154 Framing: Verb:own
168,TN: 151 Framing: Verb:invite,TN: 151 Framing: Verb:invite,TN: 155 Framing: Verb:invite,TN: 155 Framing: Verb:invite,TN: 155 Framing: Verb:invite,TN: 155 Framing: Verb:invite,TN: 155 Framing: Verb:invite
169,TN: 152 Framing: Verb:organizing,TN: 152 Framing: Verb:organizing,TN: 156 Framing: Verb:organizing,TN: 156 Framing: Verb:organizing,TN: 156 Framing: Verb:organizing,TN: 156 Framing: Verb:organizing,TN: 156 Framing: Verb:organizing
170,TN: 153 Framing: Verb:join,TN: 153 Framing: Verb:join,TN: 157 Framing: Verb:join,TN: 157 Framing: Verb:join,TN: 157 Framing: Verb:join,TN: 157 Framing: Verb:join,TN: 157 Framing: Verb:join
171,TN: 154 Framing: Verb:elements,TN: 154 Framing: Verb:elements,TN: 158 Framing: Verb:elements,TN: 158 Framing: Verb:elements,TN: 158 Framing: Verb:elements,TN: 158 Framing: Verb:elements,TN: 158 Framing: Verb:elements
172,TN: 155 Framing: Verb:are,TN: 155 Framing: Verb:are,TN: 159 Framing: Verb:are,TN: 159 Framing: Verb:are,TN: 159 Framing: Verb:are,TN: 159 Framing: Verb:are,TN: 159 Framing: Verb:are
173,FN: 9 Framing: Verb:enjoy,FP: 7 Framing:LOSE Verb:enjoy,FN: 3 Framing: Verb:enjoy,FN: 3 Framing: Verb:enjoy,FN: 3 Framing: Verb:enjoy,FN: 3 Framing: Verb:enjoy,FN: 3 Framing: Verb:enjoy
174,TN: 156 Framing: Verb:joining,TN: 156 Framing: Verb:joining,TN: 160 Framing: Verb:joining,TN: 160 Framing: Verb:joining,TN: 160 Framing: Verb:joining,TN: 160 Framing: Verb:joining,TN: 160 Framing: Verb:joining
175,FN: 10 Framing: Verb:networking,FN: 3 Framing: Verb:networking,FN: 4 Framing: Verb:networking,FN: 4 Framing: Verb:networking,FN: 4 Framing: Verb:networking,FN: 4 Framing: Verb:networking,FN: 4 Framing: Verb:networking
176,TP: 5 Framing:GAIN Verb:get,TP: 10 Framing:GAIN Verb:get,TP: 11 Framing:GAIN Verb:get,TP: 11 Framing:GAIN Verb:get,TP: 11 Framing:GAIN Verb:get,TP: 11 Framing:GAIN Verb:get,TP: 11 Framing:GAIN Verb:get
177,TN: 157 Framing: Verb:value,TN: 157 Framing: Verb:value,TN: 161 Framing: Verb:value,TN: 161 Framing: Verb:value,TN: 161 Framing: Verb:value,TN: 161 Framing: Verb:value,TN: 161 Framing: Verb:value
178,TN: 158 Framing: Verb:joining,TN: 158 Framing: Verb:joining,TN: 162 Framing: Verb:joining,TN: 162 Framing: Verb:joining,TN: 162 Framing: Verb:joining,TN: 162 Framing: Verb:joining,TN: 162 Framing: Verb:joining
179,TN: 159 Framing: Verb:shape,TN: 159 Framing: Verb:shape,TN: 163 Framing: Verb:shape,TN: 163 Framing: Verb:shape,TN: 163 Framing: Verb:shape,TN: 163 Framing: Verb:shape,TN: 163 Framing: Verb:shape
180,TN: 160 Framing: Verb:contribute,TN: 160 Framing: Verb:contribute,TN: 164 Framing: Verb:contribute,TN: 164 Framing: Verb:contribute,TN: 164 Framing: Verb:contribute,TN: 164 Framing: Verb:contribute,TN: 164 Framing: Verb:contribute
181,FN: 11 Framing: Verb:enjoy,FP: 8 Framing:LOSE Verb:enjoy,FN: 5 Framing: Verb:enjoy,FN: 5 Framing: Verb:enjoy,FN: 5 Framing: Verb:enjoy,FN: 5 Framing: Verb:enjoy,FN: 5 Framing: Verb:enjoy
182,TN: 161 Framing: Verb:offer,TN: 161 Framing: Verb:offer,TN: 165 Framing: Verb:offer,TN: 165 Framing: Verb:offer,TN: 165 Framing: Verb:offer,TN: 165 Framing: Verb:offer,TN: 165 Framing: Verb:offer
183,TN: 162 Framing: Verb:1,TN: 162 Framing: Verb:1,TN: 166 Framing: Verb:1,TN: 166 Framing: Verb:1,TN: 166 Framing: Verb:1,TN: 166 Framing: Verb:1,TN: 166 Framing: Verb:1
184,TN: 163 Framing: Verb:join,TN: 163 Framing: Verb:join,TN: 167 Framing: Verb:join,TN: 167 Framing: Verb:join,TN: 167 Framing: Verb:join,TN: 167 Framing: Verb:join,TN: 167 Framing: Verb:join
185,TN: 164 Framing: Verb:asses,TN: 164 Framing: Verb:asses,TN: 168 Framing: Verb:asses,TN: 168 Framing: Verb:asses,TN: 168 Framing: Verb:asses,TN: 168 Framing: Verb:asses,TN: 168 Framing: Verb:asses
186,TN: 165 Framing: Verb:2,TN: 165 Framing: Verb:2,TN: 169 Framing: Verb:2,TN: 169 Framing: Verb:2,TN: 169 Framing: Verb:2,TN: 169 Framing: Verb:2,TN: 169 Framing: Verb:2
187,TN: 166 Framing: Verb:usd,TN: 166 Framing: Verb:usd,TN: 170 Framing: Verb:usd,TN: 170 Framing: Verb:usd,TN: 170 Framing: Verb:usd,TN: 170 Framing: Verb:usd,TN: 170 Framing: Verb:usd
188,TN: 167 Framing: Verb:3,TN: 167 Framing: Verb:3,TN: 171 Framing: Verb:3,TN: 171 Framing: Verb:3,TN: 171 Framing: Verb:3,TN: 171 Framing: Verb:3,TN: 171 Framing: Verb:3
189,FN: 12 Framing: Verb:offered,FN: 4 Framing: Verb:offered,FN: 6 Framing: Verb:offered,FN: 6 Framing: Verb:offered,FN: 6 Framing: Verb:offered,FN: 6 Framing: Verb:offered,FN: 6 Framing: Verb:offered
190,TN: 168 Framing: Verb:4,TN: 168 Framing: Verb:4,TN: 172 Framing: Verb:4,TN: 172 Framing: Verb:4,TN: 172 Framing: Verb:4,TN: 172 Framing: Verb:4,TN: 172 Framing: Verb:4
191,TN: 169 Framing: Verb:certificate,TN: 169 Framing: Verb:certificate,TN: 173 Framing: Verb:certificate,TN: 173 Framing: Verb:certificate,TN: 173 Framing: Verb:certificate,TN: 173 Framing: Verb:certificate,TN: 173 Framing: Verb:certificate
192,TN: 170 Framing: Verb:materials,TN: 170 Framing: Verb:materials,TN: 174 Framing: Verb:materials,TN: 174 Framing: Verb:materials,TN: 174 Framing: Verb:materials,TN: 174 Framing: Verb:materials,TN: 174 Framing: Verb:materials
193,TN: 171 Framing: Verb:5,TN: 171 Framing: Verb:5,TN: 175 Framing: Verb:5,TN: 175 Framing: Verb:5,TN: 175 Framing: Verb:5,TN: 175 Framing: Verb:5,TN: 175 Framing: Verb:5
194,TN: 172 Framing: Verb:open,TN: 172 Framing: Verb:open,TN: 176 Framing: Verb:open,TN: 176 Framing: Verb:open,TN: 176 Framing: Verb:open,TN: 176 Framing: Verb:open,TN: 176 Framing: Verb:open
195,TN: 173 Framing: Verb:6,TN: 173 Framing: Verb:6,TN: 177 Framing: Verb:6,TN: 177 Framing: Verb:6,TN: 177 Framing: Verb:6,TN: 177 Framing: Verb:6,TN: 177 Framing: Verb:6
196,TN: 174 Framing: Verb:reception,TN: 174 Framing: Verb:reception,TN: 178 Framing: Verb:reception,TN: 178 Framing: Verb:reception,TN: 178 Framing: Verb:reception,TN: 178 Framing: Verb:reception,TN: 178 Framing: Verb:reception
197,TN: 175 Framing: Verb:services,TN: 175 Framing: Verb:services,TN: 179 Framing: Verb:services,TN: 179 Framing: Verb:services,TN: 179 Framing: Verb:services,TN: 179 Framing: Verb:services,TN: 179 Framing: Verb:services
198,TN: 176 Framing: Verb:7,TN: 176 Framing: Verb:7,TN: 180 Framing: Verb:7,TN: 180 Framing: Verb:7,TN: 180 Framing: Verb:7,TN: 180 Framing: Verb:7,TN: 180 Framing: Verb:7
199,TP: 6 Framing:GAIN Verb:promote,FN: 5 Framing: Verb:promote,FN: 7 Framing: Verb:promote,FN: 7 Framing: Verb:promote,FN: 7 Framing: Verb:promote,FN: 7 Framing: Verb:promote,FN: 7 Framing: Verb:promote
200,TN: 177 Framing: Verb:website,TN: 177 Framing: Verb:website,TN: 181 Framing: Verb:website,TN: 181 Framing: Verb:website,TN: 181 Framing: Verb:website,TN: 181 Framing: Verb:website,TN: 181 Framing: Verb:website
201,TN: 178 Framing: Verb:venue,TN: 178 Framing: Verb:venue,TN: 182 Framing: Verb:venue,TN: 182 Framing: Verb:venue,TN: 182 Framing: Verb:venue,TN: 182 Framing: Verb:venue,TN: 182 Framing: Verb:venue
202,TN: 179 Framing: Verb:confirm,TN: 179 Framing: Verb:confirm,TN: 183 Framing: Verb:confirm,TN: 183 Framing: Verb:confirm,TN: 183 Framing: Verb:confirm,TN: 183 Framing: Verb:confirm,TN: 183 Framing: Verb:confirm
203,TN: 180 Framing: Verb:send,TN: 180 Framing: Verb:send,TN: 184 Framing: Verb:send,TN: 184 Framing: Verb:send,TN: 184 Framing: Verb:send,TN: 184 Framing: Verb:send,TN: 184 Framing: Verb:send
204,TN: 181 Framing: Verb:agree,TN: 181 Framing: Verb:agree,TN: 185 Framing: Verb:agree,TN: 185 Framing: Verb:agree,TN: 185 Framing: Verb:agree,TN: 185 Framing: Verb:agree,TN: 185 Framing: Verb:agree
205,TN: 182 Framing: Verb:join,TN: 182 Framing: Verb:join,TN: 186 Framing: Verb:join,TN: 186 Framing: Verb:join,TN: 186 Framing: Verb:join,TN: 186 Framing: Verb:join,TN: 186 Framing: Verb:join
206,TN: 183 Framing: Verb:please,FP: 9 Framing:LOSE Verb:please,TN: 187 Framing: Verb:please,TN: 187 Framing: Verb:please,TN: 187 Framing: Verb:please,TN: 187 Framing: Verb:please,TN: 187 Framing: Verb:please
207,TN: 184 Framing: Verb:resume,TN: 183 Framing: Verb:resume,TN: 188 Framing: Verb:resume,TN: 188 Framing: Verb:resume,TN: 188 Framing: Verb:resume,TN: 188 Framing: Verb:resume,TN: 188 Framing: Verb:resume
208,TN: 185 Framing: Verb:thank,TN: 184 Framing: Verb:thank,TN: 189 Framing: Verb:thank,TN: 189 Framing: Verb:thank,TN: 189 Framing: Verb:thank,TN: 189 Framing: Verb:thank,TN: 189 Framing: Verb:thank
209,TN: 186 Framing: Verb:considering,TN: 185 Framing: Verb:considering,TN: 190 Framing: Verb:considering,TN: 190 Framing: Verb:considering,TN: 190 Framing: Verb:considering,TN: 190 Framing: Verb:considering,TN: 190 Framing: Verb:considering
210,FP: 6 Framing:GAIN Verb:reached,FP: 10 Framing:GAIN Verb:reached,FP: 2 Framing:GAIN Verb:reached,FP: 2 Framing:GAIN Verb:reached,FP: 2 Framing:GAIN Verb:reached,FP: 2 Framing:GAIN Verb:reached,FP: 2 Framing:GAIN Verb:reached
211,FP: 7 Framing:GAIN Verb:have,TN: 186 Framing: Verb:have,TN: 191 Framing: Verb:have,TN: 191 Framing: Verb:have,TN: 191 Framing: Verb:have,TN: 191 Framing: Verb:have,TN: 191 Framing: Verb:have
212,TN: 187 Framing: Verb:be,TN: 187 Framing: Verb:be,TN: 192 Framing: Verb:be,TN: 192 Framing: Verb:be,TN: 192 Framing: Verb:be,TN: 192 Framing: Verb:be,TN: 192 Framing: Verb:be
213,TN: 188 Framing: Verb:looking,TN: 188 Framing: Verb:looking,TN: 193 Framing: Verb:looking,TN: 193 Framing: Verb:looking,TN: 193 Framing: Verb:looking,TN: 193 Framing: Verb:looking,TN: 193 Framing: Verb:looking
214,TN: 189 Framing: Verb:regards,TN: 189 Framing: Verb:regards,TN: 194 Framing: Verb:regards,TN: 194 Framing: Verb:regards,TN: 194 Framing: Verb:regards,TN: 194 Framing: Verb:regards,TN: 194 Framing: Verb:regards
215,TN: 190 Framing: Verb:--,TN: 190 Framing: Verb:--,TN: 195 Framing: Verb:--,TN: 195 Framing: Verb:--,TN: 195 Framing: Verb:--,TN: 195 Framing: Verb:--,TN: 195 Framing: Verb:--
216,TN: 191 Framing: Verb:sincerely,TN: 191 Framing: Verb:sincerely,TN: 196 Framing: Verb:sincerely,TN: 196 Framing: Verb:sincerely,TN: 196 Framing: Verb:sincerely,TN: 196 Framing: Verb:sincerely,TN: 196 Framing: Verb:sincerely
217,TN: 192 Framing: Verb:teller,TN: 192 Framing: Verb:teller,TN: 197 Framing: Verb:teller,TN: 197 Framing: Verb:teller,TN: 197 Framing: Verb:teller,TN: 197 Framing: Verb:teller,TN: 197 Framing: Verb:teller
218,TN: 193 Framing: Verb:conference,TN: 193 Framing: Verb:conference,TN: 198 Framing: Verb:conference,TN: 198 Framing: Verb:conference,TN: 198 Framing: Verb:conference,TN: 198 Framing: Verb:conference,TN: 198 Framing: Verb:conference
219,TN: 194 Framing: Verb:www.IntSciEng.org,TN: 194 Framing: Verb:www.IntSciEng.org,TN: 199 Framing: Verb:www.IntSciEng.org,TN: 199 Framing: Verb:www.IntSciEng.org,TN: 199 Framing: Verb:www.IntSciEng.org,TN: 199 Framing: Verb:www.IntSciEng.org,TN: 199 Framing: Verb:www.IntSciEng.org
220,TN: 195 Framing: Verb:flat/rm,TN: 195 Framing: Verb:flat/rm,TN: 200 Framing: Verb:flat/rm,TN: 200 Framing: Verb:flat/rm,TN: 200 Framing: Verb:flat/rm,TN: 200 Framing: Verb:flat/rm,TN: 200 Framing: Verb:flat/rm
221,TN: 196 Framing: Verb:email,TN: 196 Framing: Verb:email,TN: 201 Framing: Verb:email,TN: 201 Framing: Verb:email,TN: 201 Framing: Verb:email,TN: 201 Framing: Verb:email,TN: 201 Framing: Verb:email
222,TN: 197 Framing: Verb:confcommittee@IntSciEng.org,TN: 197 Framing: Verb:confcommittee@IntSciEng.org,TN: 202 Framing: Verb:confcommittee@IntSciEng.org,TN: 202 Framing: Verb:confcommittee@IntSciEng.org,TN: 202 Framing: Verb:confcommittee@IntSciEng.org,TN: 202 Framing: Verb:confcommittee@IntSciEng.org,TN: 202 Framing: Verb:confcommittee@IntSciEng.org
223,TN: 198 Framing: Verb:tel,TN: 198 Framing: Verb:tel,TN: 203 Framing: Verb:tel,TN: 203 Framing: Verb:tel,TN: 203 Framing: Verb:tel,TN: 203 Framing: Verb:tel,TN: 203 Framing: Verb:tel
224,TN: 199 Framing: Verb:-4999939,TN: 199 Framing: Verb:-4999939,TN: 204 Framing: Verb:-4999939,TN: 204 Framing: Verb:-4999939,TN: 204 Framing: Verb:-4999939,TN: 204 Framing: Verb:-4999939,TN: 204 Framing: Verb:-4999939
225,TN: 200 Framing: Verb:break,TN: 200 Framing: Verb:break,TN: 205 Framing: Verb:break,TN: 205 Framing: Verb:break,TN: 205 Framing: Verb:break,TN: 205 Framing: Verb:break,TN: 205 Framing: Verb:break
226,TN: 201 Framing: Verb:hack,TN: 201 Framing: Verb:hack,TN: 206 Framing: Verb:hack,TN: 206 Framing: Verb:hack,TN: 206 Framing: Verb:hack,TN: 206 Framing: Verb:hack,TN: 206 Framing: Verb:hack
227,TN: 202 Framing: Verb:checking,TN: 202 Framing: Verb:checking,TN: 207 Framing: Verb:checking,TN: 207 Framing: Verb:checking,TN: 207 Framing: Verb:checking,TN: 207 Framing: Verb:checking,TN: 207 Framing: Verb:checking
228,TN: 203 Framing: Verb:are,TN: 203 Framing: Verb:are,TN: 208 Framing: Verb:are,TN: 208 Framing: Verb:are,TN: 208 Framing: Verb:are,TN: 208 Framing: Verb:are,TN: 208 Framing: Verb:are
229,TN: 204 Framing: Verb:give,TN: 204 Framing: Verb:give,TN: 209 Framing: Verb:give,TN: 209 Framing: Verb:give,TN: 209 Framing: Verb:give,TN: 209 Framing: Verb:give,TN: 209 Framing: Verb:give
230,TN: 205 Framing: Verb:do,TN: 205 Framing: Verb:do,TN: 210 Framing: Verb:do,TN: 210 Framing: Verb:do,TN: 210 Framing: Verb:do,TN: 210 Framing: Verb:do,TN: 210 Framing: Verb:do
231,TN: 206 Framing: Verb:owners,TN: 206 Framing: Verb:owners,TN: 211 Framing: Verb:owners,TN: 211 Framing: Verb:owners,TN: 211 Framing: Verb:owners,TN: 211 Framing: Verb:owners,TN: 211 Framing: Verb:owners
232,TN: 207 Framing: Verb:therapy,TN: 207 Framing: Verb:therapy,TN: 212 Framing: Verb:therapy,TN: 212 Framing: Verb:therapy,TN: 212 Framing: Verb:therapy,TN: 212 Framing: Verb:therapy,TN: 212 Framing: Verb:therapy
233,TN: 208 Framing: Verb:brought,TN: 208 Framing: Verb:brought,TN: 213 Framing: Verb:brought,TN: 213 Framing: Verb:brought,TN: 213 Framing: Verb:brought,TN: 213 Framing: Verb:brought,TN: 213 Framing: Verb:brought
234,TN: 209 Framing: Verb:is,TN: 209 Framing: Verb:is,TN: 214 Framing: Verb:is,TN: 214 Framing: Verb:is,TN: 214 Framing: Verb:is,TN: 214 Framing: Verb:is,TN: 214 Framing: Verb:is
235,TN: 210 Framing: Verb:DogsAreFun,TN: 210 Framing: Verb:DogsAreFun,TN: 215 Framing: Verb:DogsAreFun,TN: 215 Framing: Verb:DogsAreFun,TN: 215 Framing: Verb:DogsAreFun,TN: 215 Framing: Verb:DogsAreFun,TN: 215 Framing: Verb:DogsAreFun
236,TN: 211 Framing: Verb:august,TN: 211 Framing: Verb:august,TN: 216 Framing: Verb:august,TN: 216 Framing: Verb:august,TN: 216 Framing: Verb:august,TN: 216 Framing: Verb:august,TN: 216 Framing: Verb:august
237,TN: 212 Framing: Verb:forward,TN: 212 Framing: Verb:forward,TN: 217 Framing: Verb:forward,TN: 217 Framing: Verb:forward,TN: 217 Framing: Verb:forward,TN: 217 Framing: Verb:forward,TN: 217 Framing: Verb:forward
238,TN: 213 Framing: Verb:received,TN: 213 Framing: Verb:received,TN: 218 Framing: Verb:received,TN: 218 Framing: Verb:received,TN: 218 Framing: Verb:received,TN: 218 Framing: Verb:received,TN: 218 Framing: Verb:received
239,TN: 214 Framing: Verb:policy,TN: 214 Framing: Verb:policy,TN: 219 Framing: Verb:policy,TN: 219 Framing: Verb:policy,TN: 219 Framing: Verb:policy,TN: 219 Framing: Verb:policy,TN: 219 Framing: Verb:policy
240,TN: 215 Framing: Verb:|,TN: 215 Framing: Verb:|,TN: 220 Framing: Verb:|,TN: 220 Framing: Verb:|,TN: 220 Framing: Verb:|,TN: 220 Framing: Verb:|,TN: 220 Framing: Verb:|
241,TN: 216 Framing: Verb:unsubscribe,TN: 216 Framing: Verb:unsubscribe,TN: 221 Framing: Verb:unsubscribe,TN: 221 Framing: Verb:unsubscribe,TN: 221 Framing: Verb:unsubscribe,TN: 221 Framing: Verb:unsubscribe,TN: 221 Framing: Verb:unsubscribe
242,TN: 217 Framing: Verb:view,TN: 217 Framing: Verb:view,TN: 222 Framing: Verb:view,TN: 222 Framing: Verb:view,TN: 222 Framing: Verb:view,TN: 222 Framing: Verb:view,TN: 222 Framing: Verb:view
243,TN: 218 Framing: Verb:reserved,FP: 11 Framing:GAIN Verb:reserved,FP: 3 Framing:GAIN Verb:reserved,FP: 3 Framing:GAIN Verb:reserved,FP: 3 Framing:GAIN Verb:reserved,FP: 3 Framing:GAIN Verb:reserved,FP: 3 Framing:GAIN Verb:reserved
244,TN: 219 Framing: Verb:©,TN: 218 Framing: Verb:©,TN: 223 Framing: Verb:©,TN: 223 Framing: Verb:©,TN: 223 Framing: Verb:©,TN: 223 Framing: Verb:©,TN: 223 Framing: Verb:©
245,TN: 220 Framing: Verb:media,TN: 219 Framing: Verb:media,TN: 224 Framing: Verb:media,TN: 224 Framing: Verb:media,TN: 224 Framing: Verb:media,TN: 224 Framing: Verb:media,TN: 224 Framing: Verb:media
246,TN: 221 Framing: Verb:|,TN: 220 Framing: Verb:|,TN: 225 Framing: Verb:|,TN: 225 Framing: Verb:|,TN: 225 Framing: Verb:|,TN: 225 Framing: Verb:|,TN: 225 Framing: Verb:|
247,TN: 222 Framing: Verb:avenue,TN: 221 Framing: Verb:avenue,TN: 226 Framing: Verb:avenue,TN: 226 Framing: Verb:avenue,TN: 226 Framing: Verb:avenue,TN: 226 Framing: Verb:avenue,TN: 226 Framing: Verb:avenue
248,TN: 223 Framing: Verb:are,TN: 222 Framing: Verb:are,TN: 227 Framing: Verb:are,TN: 227 Framing: Verb:are,TN: 227 Framing: Verb:are,TN: 227 Framing: Verb:are,TN: 227 Framing: Verb:are
249,TN: 224 Framing: Verb:professor,TN: 223 Framing: Verb:professor,TN: 228 Framing: Verb:professor,TN: 228 Framing: Verb:professor,TN: 228 Framing: Verb:professor,TN: 228 Framing: Verb:professor,TN: 228 Framing: Verb:professor
250,TN: 225 Framing: Verb:dean,TN: 224 Framing: Verb:dean,TN: 229 Framing: Verb:dean,TN: 229 Framing: Verb:dean,TN: 229 Framing: Verb:dean,TN: 229 Framing: Verb:dean,TN: 229 Framing: Verb:dean
251,TN: 226 Framing: Verb:sciences,TN: 225 Framing: Verb:sciences,TN: 230 Framing: Verb:sciences,TN: 230 Framing: Verb:sciences,TN: 230 Framing: Verb:sciences,TN: 230 Framing: Verb:sciences,TN: 230 Framing: Verb:sciences
252,TN: 227 Framing: Verb:e-mail,TN: 226 Framing: Verb:e-mail,TN: 231 Framing: Verb:e-mail,TN: 231 Framing: Verb:e-mail,TN: 231 Framing: Verb:e-mail,TN: 231 Framing: Verb:e-mail,TN: 231 Framing: Verb:e-mail
253,TN: 228 Framing: Verb:smith@example.com,TN: 227 Framing: Verb:smith@example.com,TN: 232 Framing: Verb:smith@example.com,TN: 232 Framing: Verb:smith@example.com,TN: 232 Framing: Verb:smith@example.com,TN: 232 Framing: Verb:smith@example.com,TN: 232 Framing: Verb:smith@example.com
254,TN: 229 Framing: Verb:phone,TN: 228 Framing: Verb:phone,TN: 233 Framing: Verb:phone,TN: 233 Framing: Verb:phone,TN: 233 Framing: Verb:phone,TN: 233 Framing: Verb:phone,TN: 233 Framing: Verb:phone
255,TN: 230 Framing: Verb:#NAME?,TN: 229 Framing: Verb:#NAME?,TN: 234 Framing: Verb:#NAME?,TN: 234 Framing: Verb:#NAME?,TN: 234 Framing: Verb:#NAME?,TN: 234 Framing: Verb:#NAME?,TN: 234 Framing: Verb:#NAME?
256,TN: 231 Framing: Verb:location,TN: 230 Framing: Verb:location,TN: 235 Framing: Verb:location,TN: 235 Framing: Verb:location,TN: 235 Framing: Verb:location,TN: 235 Framing: Verb:location,TN: 235 Framing: Verb:location
257,TN: 232 Framing: Verb:building,TN: 231 Framing: Verb:building,TN: 236 Framing: Verb:building,TN: 236 Framing: Verb:building,TN: 236 Framing: Verb:building,TN: 236 Framing: Verb:building,TN: 236 Framing: Verb:building
258,TN: 233 Framing: Verb:limited-time,TN: 232 Framing: Verb:limited-time,TN: 237 Framing: Verb:limited-time,TN: 237 Framing: Verb:limited-time,TN: 237 Framing: Verb:limited-time,TN: 237 Framing: Verb:limited-time,TN: 237 Framing: Verb:limited-time
259,TN: 234 Framing: Verb:starts,TN: 233 Framing: Verb:starts,TN: 238 Framing: Verb:starts,TN: 238 Framing: Verb:starts,TN: 238 Framing: Verb:starts,TN: 238 Framing: Verb:starts,TN: 238 Framing: Verb:starts
260,TN: 235 Framing: Verb:introducing,TN: 234 Framing: Verb:introducing,TN: 239 Framing: Verb:introducing,TN: 239 Framing: Verb:introducing,TN: 239 Framing: Verb:introducing,TN: 239 Framing: Verb:introducing,TN: 239 Framing: Verb:introducing
261,TP: 7 Framing:GAIN Verb:get,TP: 11 Framing:GAIN Verb:get,TP: 12 Framing:GAIN Verb:get,TP: 12 Framing:GAIN Verb:get,TP: 12 Framing:GAIN Verb:get,TP: 12 Framing:GAIN Verb:get,TP: 12 Framing:GAIN Verb:get
262,TN: 236 Framing: Verb:>>,TN: 235 Framing: Verb:>>,TN: 240 Framing: Verb:>>,TN: 240 Framing: Verb:>>,TN: 240 Framing: Verb:>>,TN: 240 Framing: Verb:>>,TN: 240 Framing: Verb:>>
263,TN: 237 Framing: Verb:apply,TN: 236 Framing: Verb:apply,TN: 241 Framing: Verb:apply,TN: 241 Framing: Verb:apply,TN: 241 Framing: Verb:apply,TN: 241 Framing: Verb:apply,TN: 241 Framing: Verb:apply
264,TN: 238 Framing: Verb:*,TN: 237 Framing: Verb:*,TN: 242 Framing: Verb:*,TN: 242 Framing: Verb:*,TN: 242 Framing: Verb:*,TN: 242 Framing: Verb:*,TN: 242 Framing: Verb:*
265,TP: 8 Framing:GAIN Verb:get,TP: 12 Framing:GAIN Verb:get,TP: 13 Framing:GAIN Verb:get,TP: 13 Framing:GAIN Verb:get,TP: 13 Framing:GAIN Verb:get,TP: 13 Framing:GAIN Verb:get,TP: 13 Framing:GAIN Verb:get
266,TN: 239 Framing: Verb:powered,TN: 238 Framing: Verb:powered,TN: 243 Framing: Verb:powered,TN: 243 Framing: Verb:powered,TN: 243 Framing: Verb:powered,TN: 243 Framing: Verb:powered,TN: 243 Framing: Verb:powered
267,TN: 240 Framing: Verb:questions,TN: 239 Framing: Verb:questions,TN: 244 Framing: Verb:questions,TN: 244 Framing: Verb:questions,TN: 244 Framing: Verb:questions,TN: 244 Framing: Verb:questions,TN: 244 Framing: Verb:questions
268,TN: 241 Framing: Verb:play,TN: 240 Framing: Verb:play,TN: 245 Framing: Verb:play,TN: 245 Framing: Verb:play,TN: 245 Framing: Verb:play,TN: 245 Framing: Verb:play,TN: 245 Framing: Verb:play
269,TN: 242 Framing: Verb:includes,TN: 241 Framing: Verb:includes,TN: 246 Framing: Verb:includes,TN: 246 Framing: Verb:includes,TN: 246 Framing: Verb:includes,TN: 246 Framing: Verb:includes,TN: 246 Framing: Verb:includes
270,TN: 243 Framing: Verb:way,TN: 242 Framing: Verb:way,TN: 247 Framing: Verb:way,TN: 247 Framing: Verb:way,TN: 247 Framing: Verb:way,TN: 247 Framing: Verb:way,TN: 247 Framing: Verb:way
271,TN: 244 Framing: Verb:are,TN: 243 Framing: Verb:are,TN: 248 Framing: Verb:are,TN: 248 Framing: Verb:are,TN: 248 Framing: Verb:are,TN: 248 Framing: Verb:are,TN: 248 Framing: Verb:are
272,TN: 245 Framing: Verb:play,TN: 244 Framing: Verb:play,TN: 249 Framing: Verb:play,TN: 249 Framing: Verb:play,TN: 249 Framing: Verb:play,TN: 249 Framing: Verb:play,TN: 249 Framing: Verb:play
273,TN: 246 Framing: Verb:using,TN: 245 Framing: Verb:using,TN: 250 Framing: Verb:using,TN: 250 Framing: Verb:using,TN: 250 Framing: Verb:using,TN: 250 Framing: Verb:using,TN: 250 Framing: Verb:using
274,FP: 8 Framing:LOSE Verb:miss,FP: 12 Framing:LOSE Verb:miss,TN: 251 Framing: Verb:miss,TN: 251 Framing: Verb:miss,TN: 251 Framing: Verb:miss,TN: 251 Framing: Verb:miss,TN: 251 Framing: Verb:miss
275,TP: 9 Framing:GAIN Verb:get,TP: 13 Framing:GAIN Verb:get,TP: 14 Framing:GAIN Verb:get,TP: 14 Framing:GAIN Verb:get,TP: 14 Framing:GAIN Verb:get,TP: 14 Framing:GAIN Verb:get,TP: 14 Framing:GAIN Verb:get
276,TN: 247 Framing: Verb:>>,TN: 246 Framing: Verb:>>,TN: 252 Framing: Verb:>>,TN: 252 Framing: Verb:>>,TN: 252 Framing: Verb:>>,TN: 252 Framing: Verb:>>,TN: 252 Framing: Verb:>>
277,TN: 248 Framing: Verb:restrictions,TN: 247 Framing: Verb:restrictions,TN: 253 Framing: Verb:restrictions,TN: 253 Framing: Verb:restrictions,TN: 253 Framing: Verb:restrictions,TN: 253 Framing: Verb:restrictions,TN: 253 Framing: Verb:restrictions
278,TN: 249 Framing: Verb:*,TN: 248 Framing: Verb:*,TN: 254 Framing: Verb:*,TN: 254 Framing: Verb:*,TN: 254 Framing: Verb:*,TN: 254 Framing: Verb:*,TN: 254 Framing: Verb:*
279,TN: 250 Framing: Verb:members,TN: 249 Framing: Verb:members,TN: 255 Framing: Verb:members,TN: 255 Framing: Verb:members,TN: 255 Framing: Verb:members,TN: 255 Framing: Verb:members,TN: 255 Framing: Verb:members
280,TN: 251 Framing: Verb:available,TN: 250 Framing: Verb:available,TN: 256 Framing: Verb:available,TN: 256 Framing: Verb:available,TN: 256 Framing: Verb:available,TN: 256 Framing: Verb:available,TN: 256 Framing: Verb:available
281,TN: 252 Framing: Verb:redeemed,TN: 251 Framing: Verb:redeemed,TN: 257 Framing: Verb:redeemed,TN: 257 Framing: Verb:redeemed,TN: 257 Framing: Verb:redeemed,TN: 257 Framing: Verb:redeemed,TN: 257 Framing: Verb:redeemed
282,TN: 253 Framing: Verb:be,TN: 252 Framing: Verb:be,TN: 258 Framing: Verb:be,TN: 258 Framing: Verb:be,TN: 258 Framing: Verb:be,TN: 258 Framing: Verb:be,TN: 258 Framing: Verb:be
283,TN: 254 Framing: Verb:apply,TN: 253 Framing: Verb:apply,TN: 259 Framing: Verb:apply,TN: 259 Framing: Verb:apply,TN: 259 Framing: Verb:apply,TN: 259 Framing: Verb:apply,TN: 259 Framing: Verb:apply
284,TN: 255 Framing: Verb:was,TN: 254 Framing: Verb:was,TN: 260 Framing: Verb:was,TN: 260 Framing: Verb:was,TN: 260 Framing: Verb:was,TN: 260 Framing: Verb:was,TN: 260 Framing: Verb:was
285,TN: 256 Framing: Verb:indicated,TN: 255 Framing: Verb:indicated,TN: 261 Framing: Verb:indicated,TN: 261 Framing: Verb:indicated,TN: 261 Framing: Verb:indicated,TN: 261 Framing: Verb:indicated,TN: 261 Framing: Verb:indicated
286,TN: 257 Framing: Verb:are,TN: 256 Framing: Verb:are,TN: 262 Framing: Verb:are,TN: 262 Framing: Verb:are,TN: 262 Framing: Verb:are,TN: 262 Framing: Verb:are,TN: 262 Framing: Verb:are
287,TN: 258 Framing: Verb:receive,TN: 257 Framing: Verb:receive,TN: 263 Framing: Verb:receive,TN: 263 Framing: Verb:receive,TN: 263 Framing: Verb:receive,TN: 263 Framing: Verb:receive,TN: 263 Framing: Verb:receive
288,TN: 259 Framing: Verb:do,TN: 258 Framing: Verb:do,TN: 264 Framing: Verb:do,TN: 264 Framing: Verb:do,TN: 264 Framing: Verb:do,TN: 264 Framing: Verb:do,TN: 264 Framing: Verb:do
289,TN: 260 Framing: Verb:wish,TN: 259 Framing: Verb:wish,TN: 265 Framing: Verb:wish,TN: 265 Framing: Verb:wish,TN: 265 Framing: Verb:wish,TN: 265 Framing: Verb:wish,TN: 265 Framing: Verb:wish
290,TN: 261 Framing: Verb:receive,TN: 260 Framing: Verb:receive,TN: 266 Framing: Verb:receive,TN: 266 Framing: Verb:receive,TN: 266 Framing: Verb:receive,TN: 266 Framing: Verb:receive,TN: 266 Framing: Verb:receive
291,TN: 262 Framing: Verb:change,TN: 261 Framing: Verb:change,TN: 267 Framing: Verb:change,TN: 267 Framing: Verb:change,TN: 267 Framing: Verb:change,TN: 267 Framing: Verb:change,TN: 267 Framing: Verb:change
292,TN: 263 Framing: Verb:visiting,TN: 262 Framing: Verb:visiting,TN: 268 Framing: Verb:visiting,TN: 268 Framing: Verb:visiting,TN: 268 Framing: Verb:visiting,TN: 268 Framing: Verb:visiting,TN: 268 Framing: Verb:visiting
293,TN: 264 Framing: Verb:hi,TN: 263 Framing: Verb:hi,TN: 269 Framing: Verb:hi,TN: 269 Framing: Verb:hi,TN: 269 Framing: Verb:hi,TN: 269 Framing: Verb:hi,TN: 269 Framing: Verb:hi
294,TN: 265 Framing: Verb:hope,TN: 264 Framing: Verb:hope,TN: 270 Framing: Verb:hope,TN: 270 Framing: Verb:hope,TN: 270 Framing: Verb:hope,TN: 270 Framing: Verb:hope,TN: 270 Framing: Verb:hope
295,TN: 266 Framing: Verb:are,TN: 265 Framing: Verb:are,TN: 271 Framing: Verb:are,TN: 271 Framing: Verb:are,TN: 271 Framing: Verb:are,TN: 271 Framing: Verb:are,TN: 271 Framing: Verb:are
296,TN: 267 Framing: Verb:doing,TN: 266 Framing: Verb:doing,TN: 272 Framing: Verb:doing,TN: 272 Framing: Verb:doing,TN: 272 Framing: Verb:doing,TN: 272 Framing: Verb:doing,TN: 272 Framing: Verb:doing
297,TN: 268 Framing: Verb:writing,TN: 267 Framing: Verb:writing,TN: 273 Framing: Verb:writing,TN: 273 Framing: Verb:writing,TN: 273 Framing: Verb:writing,TN: 273 Framing: Verb:writing,TN: 273 Framing: Verb:writing
298,TN: 269 Framing: Verb:am,TN: 268 Framing: Verb:am,TN: 274 Framing: Verb:am,TN: 274 Framing: Verb:am,TN: 274 Framing: Verb:am,TN: 274 Framing: Verb:am,TN: 274 Framing: Verb:am
299,TN: 270 Framing: Verb:revert,TN: 269 Framing: Verb:revert,TN: 275 Framing: Verb:revert,TN: 275 Framing: Verb:revert,TN: 275 Framing: Verb:revert,TN: 275 Framing: Verb:revert,TN: 275 Framing: Verb:revert
300,TN: 271 Framing: Verb:regards,TN: 270 Framing: Verb:regards,TN: 276 Framing: Verb:regards,TN: 276 Framing: Verb:regards,TN: 276 Framing: Verb:regards,TN: 276 Framing: Verb:regards,TN: 276 Framing: Verb:regards
301,TN: 272 Framing: Verb:walker,TN: 271 Framing: Verb:walker,TN: 277 Framing: Verb:walker,TN: 277 Framing: Verb:walker,TN: 277 Framing: Verb:walker,TN: 277 Framing: Verb:walker,TN: 277 Framing: Verb:walker
302,TN: 273 Framing: Verb:friend,TN: 272 Framing: Verb:friend,TN: 278 Framing: Verb:friend,TN: 278 Framing: Verb:friend,TN: 278 Framing: Verb:friend,TN: 278 Framing: Verb:friend,TN: 278 Framing: Verb:friend
303,TN: 274 Framing: Verb:banker,TN: 273 Framing: Verb:banker,TN: 279 Framing: Verb:banker,TN: 279 Framing: Verb:banker,TN: 279 Framing: Verb:banker,TN: 279 Framing: Verb:banker,TN: 279 Framing: Verb:banker
304,TN: 275 Framing: Verb:holding,TN: 274 Framing: Verb:holding,TN: 280 Framing: Verb:holding,TN: 280 Framing: Verb:holding,TN: 280 Framing: Verb:holding,TN: 280 Framing: Verb:holding,TN: 280 Framing: Verb:holding
305,TN: 276 Framing: Verb:am,TN: 275 Framing: Verb:am,TN: 281 Framing: Verb:am,TN: 281 Framing: Verb:am,TN: 281 Framing: Verb:am,TN: 281 Framing: Verb:am,TN: 281 Framing: Verb:am
306,FP: 9 Framing:GAIN Verb:have,TN: 276 Framing: Verb:have,TN: 282 Framing: Verb:have,TN: 282 Framing: Verb:have,TN: 282 Framing: Verb:have,TN: 282 Framing: Verb:have,TN: 282 Framing: Verb:have
307,FN: 13 Framing: Verb:transferring,FN: 6 Framing: Verb:transferring,FN: 8 Framing: Verb:transferring,FN: 8 Framing: Verb:transferring,FN: 8 Framing: Verb:transferring,FN: 8 Framing: Verb:transferring,FN: 8 Framing: Verb:transferring
308,TN: 277 Framing: Verb:abandon,FP: 13 Framing:LOSE Verb:abandon,FP: 4 Framing:LOSE Verb:abandon,FP: 4 Framing:LOSE Verb:abandon,FP: 4 Framing:LOSE Verb:abandon,FP: 4 Framing:LOSE Verb:abandon,FP: 4 Framing:LOSE Verb:abandon
309,TN: 278 Framing: Verb:died,FP: 14 Framing:LOSE Verb:died,FP: 5 Framing:LOSE Verb:died,FP: 5 Framing:LOSE Verb:died,FP: 5 Framing:LOSE Verb:died,FP: 5 Framing:LOSE Verb:died,FP: 5 Framing:LOSE Verb:died
310,FP: 10 Framing:GAIN Verb:got,FP: 15 Framing:GAIN Verb:got,FP: 6 Framing:GAIN Verb:got,FP: 6 Framing:GAIN Verb:got,FP: 6 Framing:GAIN Verb:got,FP: 6 Framing:GAIN Verb:got,FP: 6 Framing:GAIN Verb:got
311,FP: 11 Framing:GAIN Verb:have,TN: 277 Framing: Verb:have,TN: 283 Framing: Verb:have,TN: 283 Framing: Verb:have,TN: 283 Framing: Verb:have,TN: 283 Framing: Verb:have,TN: 283 Framing: Verb:have
312,TN: 279 Framing: Verb:been,TN: 278 Framing: Verb:been,TN: 284 Framing: Verb:been,TN: 284 Framing: Verb:been,TN: 284 Framing: Verb:been,TN: 284 Framing: Verb:been,TN: 284 Framing: Verb:been
313,TN: 280 Framing: Verb:come,TN: 279 Framing: Verb:come,TN: 285 Framing: Verb:come,TN: 285 Framing: Verb:come,TN: 285 Framing: Verb:come,TN: 285 Framing: Verb:come,TN: 285 Framing: Verb:come
314,FN: 14 Framing: Verb:claim,FN: 7 Framing: Verb:claim,FN: 9 Framing: Verb:claim,FN: 9 Framing: Verb:claim,FN: 9 Framing: Verb:claim,FN: 9 Framing: Verb:claim,FN: 9 Framing: Verb:claim
315,TN: 281 Framing: Verb:release,TN: 280 Framing: Verb:release,TN: 286 Framing: Verb:release,TN: 286 Framing: Verb:release,TN: 286 Framing: Verb:release,TN: 286 Framing: Verb:release,TN: 286 Framing: Verb:release
316,TN: 282 Framing: Verb:applies,TN: 281 Framing: Verb:applies,TN: 287 Framing: Verb:applies,TN: 287 Framing: Verb:applies,TN: 287 Framing: Verb:applies,TN: 287 Framing: Verb:applies,TN: 287 Framing: Verb:applies
317,TN: 283 Framing: Verb:deceased,TN: 282 Framing: Verb:deceased,TN: 288 Framing: Verb:deceased,TN: 288 Framing: Verb:deceased,TN: 288 Framing: Verb:deceased,TN: 288 Framing: Verb:deceased,TN: 288 Framing: Verb:deceased
318,TN: 284 Framing: Verb:indicated,TN: 283 Framing: Verb:indicated,TN: 289 Framing: Verb:indicated,TN: 289 Framing: Verb:indicated,TN: 289 Framing: Verb:indicated,TN: 289 Framing: Verb:indicated,TN: 289 Framing: Verb:indicated
319,TN: 285 Framing: Verb:learnt,TN: 284 Framing: Verb:learnt,TN: 290 Framing: Verb:learnt,TN: 290 Framing: Verb:learnt,TN: 290 Framing: Verb:learnt,TN: 290 Framing: Verb:learnt,TN: 290 Framing: Verb:learnt
320,TN: 286 Framing: Verb:supposed,TN: 285 Framing: Verb:supposed,TN: 291 Framing: Verb:supposed,TN: 291 Framing: Verb:supposed,TN: 291 Framing: Verb:supposed,TN: 291 Framing: Verb:supposed,TN: 291 Framing: Verb:supposed
321,TN: 287 Framing: Verb:died,FP: 16 Framing:LOSE Verb:died,FP: 7 Framing:LOSE Verb:died,FP: 7 Framing:LOSE Verb:died,FP: 7 Framing:LOSE Verb:died,FP: 7 Framing:LOSE Verb:died,FP: 7 Framing:LOSE Verb:died
322,TN: 288 Framing: Verb:leaving,TN: 286 Framing: Verb:leaving,TN: 292 Framing: Verb:leaving,TN: 292 Framing: Verb:leaving,TN: 292 Framing: Verb:leaving,TN: 292 Framing: Verb:leaving,TN: 292 Framing: Verb:leaving
323,TN: 289 Framing: Verb:transferred,TN: 287 Framing: Verb:transferred,TN: 293 Framing: Verb:transferred,TN: 293 Framing: Verb:transferred,TN: 293 Framing: Verb:transferred,TN: 293 Framing: Verb:transferred,TN: 293 Framing: Verb:transferred
324,TN: 290 Framing: Verb:remained,TN: 288 Framing: Verb:remained,TN: 294 Framing: Verb:remained,TN: 294 Framing: Verb:remained,TN: 294 Framing: Verb:remained,TN: 294 Framing: Verb:remained,TN: 294 Framing: Verb:remained
325,TN: 291 Framing: Verb:be,TN: 289 Framing: Verb:be,TN: 295 Framing: Verb:be,TN: 295 Framing: Verb:be,TN: 295 Framing: Verb:be,TN: 295 Framing: Verb:be,TN: 295 Framing: Verb:be
326,TN: 292 Framing: Verb:agree,TN: 290 Framing: Verb:agree,TN: 296 Framing: Verb:agree,TN: 296 Framing: Verb:agree,TN: 296 Framing: Verb:agree,TN: 296 Framing: Verb:agree,TN: 296 Framing: Verb:agree
327,TN: 293 Framing: Verb:you,TN: 291 Framing: Verb:you,TN: 297 Framing: Verb:you,TN: 297 Framing: Verb:you,TN: 297 Framing: Verb:you,TN: 297 Framing: Verb:you,TN: 297 Framing: Verb:you
328,TN: 294 Framing: Verb:be,TN: 292 Framing: Verb:be,TN: 298 Framing: Verb:be,TN: 298 Framing: Verb:be,TN: 298 Framing: Verb:be,TN: 298 Framing: Verb:be,TN: 298 Framing: Verb:be
329,TN: 295 Framing: Verb:be,TN: 293 Framing: Verb:be,TN: 299 Framing: Verb:be,TN: 299 Framing: Verb:be,TN: 299 Framing: Verb:be,TN: 299 Framing: Verb:be,TN: 299 Framing: Verb:be
330,TN: 296 Framing: Verb:there,TN: 294 Framing: Verb:there,TN: 300 Framing: Verb:there,TN: 300 Framing: Verb:there,TN: 300 Framing: Verb:there,TN: 300 Framing: Verb:there,TN: 300 Framing: Verb:there
331,TN: 297 Framing: Verb:visit,TN: 295 Framing: Verb:visit,TN: 301 Framing: Verb:visit,TN: 301 Framing: Verb:visit,TN: 301 Framing: Verb:visit,TN: 301 Framing: Verb:visit,TN: 301 Framing: Verb:visit
332,TN: 298 Framing: Verb:according,TN: 296 Framing: Verb:according,TN: 302 Framing: Verb:according,TN: 302 Framing: Verb:according,TN: 302 Framing: Verb:according,TN: 302 Framing: Verb:according,TN: 302 Framing: Verb:according
333,TN: 299 Framing: Verb:indicated,TN: 297 Framing: Verb:indicated,TN: 303 Framing: Verb:indicated,TN: 303 Framing: Verb:indicated,TN: 303 Framing: Verb:indicated,TN: 303 Framing: Verb:indicated,TN: 303 Framing: Verb:indicated
334,TN: 300 Framing: Verb:apply,TN: 298 Framing: Verb:apply,TN: 304 Framing: Verb:apply,TN: 304 Framing: Verb:apply,TN: 304 Framing: Verb:apply,TN: 304 Framing: Verb:apply,TN: 304 Framing: Verb:apply
335,TN: 301 Framing: Verb:enable,TN: 299 Framing: Verb:enable,TN: 305 Framing: Verb:enable,TN: 305 Framing: Verb:enable,TN: 305 Framing: Verb:enable,TN: 305 Framing: Verb:enable,TN: 305 Framing: Verb:enable
336,TN: 302 Framing: Verb:arranged,TN: 300 Framing: Verb:arranged,TN: 306 Framing: Verb:arranged,TN: 306 Framing: Verb:arranged,TN: 306 Framing: Verb:arranged,TN: 306 Framing: Verb:arranged,TN: 306 Framing: Verb:arranged
337,TN: 303 Framing: Verb:indicating,TN: 301 Framing: Verb:indicating,TN: 307 Framing: Verb:indicating,TN: 307 Framing: Verb:indicating,TN: 307 Framing: Verb:indicating,TN: 307 Framing: Verb:indicating,TN: 307 Framing: Verb:indicating
338,TN: 304 Framing: Verb:be,TN: 302 Framing: Verb:be,TN: 308 Framing: Verb:be,TN: 308 Framing: Verb:be,TN: 308 Framing: Verb:be,TN: 308 Framing: Verb:be,TN: 308 Framing: Verb:be
339,FN: 15 Framing: Verb:remitted,FN: 8 Framing: Verb:remitted,FN: 10 Framing: Verb:remitted,FN: 10 Framing: Verb:remitted,FN: 10 Framing: Verb:remitted,FN: 10 Framing: Verb:remitted,FN: 10 Framing: Verb:remitted
340,TN: 305 Framing: Verb:send,TN: 303 Framing: Verb:send,TN: 309 Framing: Verb:send,TN: 309 Framing: Verb:send,TN: 309 Framing: Verb:send,TN: 309 Framing: Verb:send,TN: 309 Framing: Verb:send
341,TN: 306 Framing: Verb:email,TN: 304 Framing: Verb:email,TN: 310 Framing: Verb:email,TN: 310 Framing: Verb:email,TN: 310 Framing: Verb:email,TN: 310 Framing: Verb:email,TN: 310 Framing: Verb:email
342,TN: 307 Framing: Verb:bring,TN: 305 Framing: Verb:bring,TN: 311 Framing: Verb:bring,TN: 311 Framing: Verb:bring,TN: 311 Framing: Verb:bring,TN: 311 Framing: Verb:bring,TN: 311 Framing: Verb:bring
343,TN: 308 Framing: Verb:is,TN: 306 Framing: Verb:is,TN: 312 Framing: Verb:is,TN: 312 Framing: Verb:is,TN: 312 Framing: Verb:is,TN: 312 Framing: Verb:is,TN: 312 Framing: Verb:is
344,TN: 309 Framing: Verb:entertain,FP: 17 Framing:LOSE Verb:entertain,TN: 313 Framing: Verb:entertain,TN: 313 Framing: Verb:entertain,TN: 313 Framing: Verb:entertain,TN: 313 Framing: Verb:entertain,TN: 313 Framing: Verb:entertain
345,TN: 310 Framing: Verb:required,TN: 307 Framing: Verb:required,TN: 314 Framing: Verb:required,TN: 314 Framing: Verb:required,TN: 314 Framing: Verb:required,TN: 314 Framing: Verb:required,TN: 314 Framing: Verb:required
346,FP: 12 Framing:GAIN Verb:have,TN: 308 Framing: Verb:have,TN: 315 Framing: Verb:have,TN: 315 Framing: Verb:have,TN: 315 Framing: Verb:have,TN: 315 Framing: Verb:have,TN: 315 Framing: Verb:have
347,TN: 311 Framing: Verb:been,TN: 309 Framing: Verb:been,TN: 316 Framing: Verb:been,TN: 316 Framing: Verb:been,TN: 316 Framing: Verb:been,TN: 316 Framing: Verb:been,TN: 316 Framing: Verb:been
348,FP: 13 Framing:GAIN Verb:made,TN: 310 Framing: Verb:made,TN: 317 Framing: Verb:made,TN: 317 Framing: Verb:made,TN: 317 Framing: Verb:made,TN: 317 Framing: Verb:made,TN: 317 Framing: Verb:made
349,TN: 312 Framing: Verb:entertain,FP: 18 Framing:LOSE Verb:entertain,TN: 318 Framing: Verb:entertain,TN: 318 Framing: Verb:entertain,TN: 318 Framing: Verb:entertain,TN: 318 Framing: Verb:entertain,TN: 318 Framing: Verb:entertain
350,FP: 14 Framing:LOSE Verb:fail,TN: 311 Framing: Verb:fail,TN: 319 Framing: Verb:fail,TN: 319 Framing: Verb:fail,TN: 319 Framing: Verb:fail,TN: 319 Framing: Verb:fail,TN: 319 Framing: Verb:fail
351,TN: 313 Framing: Verb:bring,TN: 312 Framing: Verb:bring,TN: 320 Framing: Verb:bring,TN: 320 Framing: Verb:bring,TN: 320 Framing: Verb:bring,TN: 320 Framing: Verb:bring,TN: 320 Framing: Verb:bring
352,TN: 314 Framing: Verb:is,TN: 313 Framing: Verb:is,TN: 321 Framing: Verb:is,TN: 321 Framing: Verb:is,TN: 321 Framing: Verb:is,TN: 321 Framing: Verb:is,TN: 321 Framing: Verb:is
353,TN: 315 Framing: Verb:required,TN: 314 Framing: Verb:required,TN: 322 Framing: Verb:required,TN: 322 Framing: Verb:required,TN: 322 Framing: Verb:required,TN: 322 Framing: Verb:required,TN: 322 Framing: Verb:required
354,FP: 15 Framing:GAIN Verb:have,TN: 315 Framing: Verb:have,TN: 323 Framing: Verb:have,TN: 323 Framing: Verb:have,TN: 323 Framing: Verb:have,TN: 323 Framing: Verb:have,TN: 323 Framing: Verb:have
355,TN: 316 Framing: Verb:been,TN: 316 Framing: Verb:been,TN: 324 Framing: Verb:been,TN: 324 Framing: Verb:been,TN: 324 Framing: Verb:been,TN: 324 Framing: Verb:been,TN: 324 Framing: Verb:been
356,FP: 16 Framing:GAIN Verb:made,TN: 317 Framing: Verb:made,TN: 325 Framing: Verb:made,TN: 325 Framing: Verb:made,TN: 325 Framing: Verb:made,TN: 325 Framing: Verb:made,TN: 325 Framing: Verb:made
357,TN: 317 Framing: Verb:please,FP: 19 Framing:LOSE Verb:please,TN: 326 Framing: Verb:please,TN: 326 Framing: Verb:please,TN: 326 Framing: Verb:please,TN: 326 Framing: Verb:please,TN: 326 Framing: Verb:please
358,TN: 318 Framing: Verb:treat,TN: 318 Framing: Verb:treat,TN: 327 Framing: Verb:treat,TN: 327 Framing: Verb:treat,TN: 327 Framing: Verb:treat,TN: 327 Framing: Verb:treat,TN: 327 Framing: Verb:treat
359,TN: 319 Framing: Verb:contact,TN: 319 Framing: Verb:contact,TN: 328 Framing: Verb:contact,TN: 328 Framing: Verb:contact,TN: 328 Framing: Verb:contact,TN: 328 Framing: Verb:contact,TN: 328 Framing: Verb:contact
360,TN: 320 Framing: Verb:receive,TN: 320 Framing: Verb:receive,TN: 329 Framing: Verb:receive,TN: 329 Framing: Verb:receive,TN: 329 Framing: Verb:receive,TN: 329 Framing: Verb:receive,TN: 329 Framing: Verb:receive
361,TN: 321 Framing: Verb:sure,TN: 321 Framing: Verb:sure,TN: 330 Framing: Verb:sure,TN: 330 Framing: Verb:sure,TN: 330 Framing: Verb:sure,TN: 330 Framing: Verb:sure,TN: 330 Framing: Verb:sure
362,TN: 322 Framing: Verb:receive,TN: 322 Framing: Verb:receive,TN: 331 Framing: Verb:receive,TN: 331 Framing: Verb:receive,TN: 331 Framing: Verb:receive,TN: 331 Framing: Verb:receive,TN: 331 Framing: Verb:receive
363,TN: 323 Framing: Verb:keep,FP: 20 Framing:GAIN Verb:keep,FP: 8 Framing:GAIN Verb:keep,FP: 8 Framing:GAIN Verb:keep,FP: 8 Framing:GAIN Verb:keep,FP: 8 Framing:GAIN Verb:keep,FP: 8 Framing:GAIN Verb:keep
364,TN: 324 Framing: Verb:provide,TN: 323 Framing: Verb:provide,TN: 332 Framing: Verb:provide,TN: 332 Framing: Verb:provide,TN: 332 Framing: Verb:provide,TN: 332 Framing: Verb:provide,TN: 332 Framing: Verb:provide
365,TN: 325 Framing: Verb:disclose,TN: 324 Framing: Verb:disclose,TN: 333 Framing: Verb:disclose,TN: 333 Framing: Verb:disclose,TN: 333 Framing: Verb:disclose,TN: 333 Framing: Verb:disclose,TN: 333 Framing: Verb:disclose
366,TN: 326 Framing: Verb:is,TN: 325 Framing: Verb:is,TN: 334 Framing: Verb:is,TN: 334 Framing: Verb:is,TN: 334 Framing: Verb:is,TN: 334 Framing: Verb:is,TN: 334 Framing: Verb:is
367,TN: 327 Framing: Verb:hear,TN: 326 Framing: Verb:hear,TN: 335 Framing: Verb:hear,TN: 335 Framing: Verb:hear,TN: 335 Framing: Verb:hear,TN: 335 Framing: Verb:hear,TN: 335 Framing: Verb:hear
368,TN: 328 Framing: Verb:am,TN: 327 Framing: Verb:am,TN: 336 Framing: Verb:am,TN: 336 Framing: Verb:am,TN: 336 Framing: Verb:am,TN: 336 Framing: Verb:am,TN: 336 Framing: Verb:am
369,TN: 329 Framing: Verb:reply,TN: 328 Framing: Verb:reply,TN: 337 Framing: Verb:reply,TN: 337 Framing: Verb:reply,TN: 337 Framing: Verb:reply,TN: 337 Framing: Verb:reply,TN: 337 Framing: Verb:reply
370,TN: 330 Framing: Verb:name,TN: 329 Framing: Verb:name,TN: 338 Framing: Verb:name,TN: 338 Framing: Verb:name,TN: 338 Framing: Verb:name,TN: 338 Framing: Verb:name,TN: 338 Framing: Verb:name
371,TN: 331 Framing: Verb:address,TN: 330 Framing: Verb:address,TN: 339 Framing: Verb:address,TN: 339 Framing: Verb:address,TN: 339 Framing: Verb:address,TN: 339 Framing: Verb:address,TN: 339 Framing: Verb:address
372,TN: 332 Framing: Verb:country,TN: 331 Framing: Verb:country,TN: 340 Framing: Verb:country,TN: 340 Framing: Verb:country,TN: 340 Framing: Verb:country,TN: 340 Framing: Verb:country,TN: 340 Framing: Verb:country
373,TN: 333 Framing: Verb:city,TN: 332 Framing: Verb:city,TN: 341 Framing: Verb:city,TN: 341 Framing: Verb:city,TN: 341 Framing: Verb:city,TN: 341 Framing: Verb:city,TN: 341 Framing: Verb:city
374,TN: 334 Framing: Verb:telephone,TN: 333 Framing: Verb:telephone,TN: 342 Framing: Verb:telephone,TN: 342 Framing: Verb:telephone,TN: 342 Framing: Verb:telephone,TN: 342 Framing: Verb:telephone,TN: 342 Framing: Verb:telephone
375,TN: 335 Framing: Verb:occupation,TN: 334 Framing: Verb:occupation,TN: 343 Framing: Verb:occupation,TN: 343 Framing: Verb:occupation,TN: 343 Framing: Verb:occupation,TN: 343 Framing: Verb:occupation,TN: 343 Framing: Verb:occupation
376,TN: 336 Framing: Verb:age,TN: 335 Framing: Verb:age,TN: 344 Framing: Verb:age,TN: 344 Framing: Verb:age,TN: 344 Framing: Verb:age,TN: 344 Framing: Verb:age,TN: 344 Framing: Verb:age
377,TN: 337 Framing: Verb:sex,TN: 336 Framing: Verb:sex,TN: 345 Framing: Verb:sex,TN: 345 Framing: Verb:sex,TN: 345 Framing: Verb:sex,TN: 345 Framing: Verb:sex,TN: 345 Framing: Verb:sex
378,TN: 338 Framing: Verb:expect,TN: 337 Framing: Verb:expect,TN: 346 Framing: Verb:expect,TN: 346 Framing: Verb:expect,TN: 346 Framing: Verb:expect,TN: 346 Framing: Verb:expect,TN: 346 Framing: Verb:expect
379,TN: 339 Framing: Verb:is,TN: 338 Framing: Verb:is,TN: 347 Framing: Verb:is,TN: 347 Framing: Verb:is,TN: 347 Framing: Verb:is,TN: 347 Framing: Verb:is,TN: 347 Framing: Verb:is
380,TN: 340 Framing: Verb:yours,TN: 339 Framing: Verb:yours,TN: 348 Framing: Verb:yours,TN: 348 Framing: Verb:yours,TN: 348 Framing: Verb:yours,TN: 348 Framing: Verb:yours,TN: 348 Framing: Verb:yours
381,TN: 341 Framing: Verb:vqex7,TN: 340 Framing: Verb:vqex7,TN: 349 Framing: Verb:vqex7,TN: 349 Framing: Verb:vqex7,TN: 349 Framing: Verb:vqex7,TN: 349 Framing: Verb:vqex7,TN: 349 Framing: Verb:vqex7
382,FP: 17 Framing:GAIN Verb:have,TN: 341 Framing: Verb:have,TN: 350 Framing: Verb:have,TN: 350 Framing: Verb:have,TN: 350 Framing: Verb:have,TN: 350 Framing: Verb:have,TN: 350 Framing: Verb:have
383,TN: 342 Framing: Verb:vqex7,TN: 342 Framing: Verb:vqex7,TN: 351 Framing: Verb:vqex7,TN: 351 Framing: Verb:vqex7,TN: 351 Framing: Verb:vqex7,TN: 351 Framing: Verb:vqex7,TN: 351 Framing: Verb:vqex7
384,TN: 343 Framing: Verb:businessmen,TN: 343 Framing: Verb:businessmen,TN: 352 Framing: Verb:businessmen,TN: 352 Framing: Verb:businessmen,TN: 352 Framing: Verb:businessmen,TN: 352 Framing: Verb:businessmen,TN: 352 Framing: Verb:businessmen
385,TN: 344 Framing: Verb:vqex7,TN: 344 Framing: Verb:vqex7,TN: 353 Framing: Verb:vqex7,TN: 353 Framing: Verb:vqex7,TN: 353 Framing: Verb:vqex7,TN: 353 Framing: Verb:vqex7,TN: 353 Framing: Verb:vqex7
386,TN: 345 Framing: Verb:contacts,TN: 345 Framing: Verb:contacts,TN: 354 Framing: Verb:contacts,TN: 354 Framing: Verb:contacts,TN: 354 Framing: Verb:contacts,TN: 354 Framing: Verb:contacts,TN: 354 Framing: Verb:contacts
387,TN: 346 Framing: Verb:vqex7,TN: 346 Framing: Verb:vqex7,TN: 355 Framing: Verb:vqex7,TN: 355 Framing: Verb:vqex7,TN: 355 Framing: Verb:vqex7,TN: 355 Framing: Verb:vqex7,TN: 355 Framing: Verb:vqex7
388,TN: 347 Framing: Verb:send,TN: 347 Framing: Verb:send,TN: 356 Framing: Verb:send,TN: 356 Framing: Verb:send,TN: 356 Framing: Verb:send,TN: 356 Framing: Verb:send,TN: 356 Framing: Verb:send
389,TN: 348 Framing: Verb:colleague,TN: 348 Framing: Verb:colleague,TN: 357 Framing: Verb:colleague,TN: 357 Framing: Verb:colleague,TN: 357 Framing: Verb:colleague,TN: 357 Framing: Verb:colleague,TN: 357 Framing: Verb:colleague
390,TN: 349 Framing: Verb:conducting,TN: 349 Framing: Verb:conducting,TN: 358 Framing: Verb:conducting,TN: 358 Framing: Verb:conducting,TN: 358 Framing: Verb:conducting,TN: 358 Framing: Verb:conducting,TN: 358 Framing: Verb:conducting
391,TN: 350 Framing: Verb:is,TN: 350 Framing: Verb:is,TN: 359 Framing: Verb:is,TN: 359 Framing: Verb:is,TN: 359 Framing: Verb:is,TN: 359 Framing: Verb:is,TN: 359 Framing: Verb:is
392,TN: 351 Framing: Verb:entered,TN: 351 Framing: Verb:entered,TN: 360 Framing: Verb:entered,TN: 360 Framing: Verb:entered,TN: 360 Framing: Verb:entered,TN: 360 Framing: Verb:entered,TN: 360 Framing: Verb:entered
393,TN: 352 Framing: Verb:be,TN: 352 Framing: Verb:be,TN: 361 Framing: Verb:be,TN: 361 Framing: Verb:be,TN: 361 Framing: Verb:be,TN: 361 Framing: Verb:be,TN: 361 Framing: Verb:be
394,FN: 16 Framing: Verb:win,TP: 14 Framing:GAIN Verb:win,TP: 15 Framing:GAIN Verb:win,TP: 15 Framing:GAIN Verb:win,TP: 15 Framing:GAIN Verb:win,TP: 15 Framing:GAIN Verb:win,TP: 15 Framing:GAIN Verb:win
395,TN: 353 Framing: Verb:appreciate,FP: 21 Framing:LOSE Verb:appreciate,TN: 362 Framing: Verb:appreciate,TN: 362 Framing: Verb:appreciate,TN: 362 Framing: Verb:appreciate,TN: 362 Framing: Verb:appreciate,TN: 362 Framing: Verb:appreciate
396,TN: 354 Framing: Verb:contribute,TN: 353 Framing: Verb:contribute,TN: 363 Framing: Verb:contribute,TN: 363 Framing: Verb:contribute,TN: 363 Framing: Verb:contribute,TN: 363 Framing: Verb:contribute,TN: 363 Framing: Verb:contribute
397,TN: 355 Framing: Verb:thank,TN: 354 Framing: Verb:thank,TN: 364 Framing: Verb:thank,TN: 364 Framing: Verb:thank,TN: 364 Framing: Verb:thank,TN: 364 Framing: Verb:thank,TN: 364 Framing: Verb:thank
398,TN: 356 Framing: Verb:aiFuture.com,TN: 355 Framing: Verb:aiFuture.com,TN: 365 Framing: Verb:aiFuture.com,TN: 365 Framing: Verb:aiFuture.com,TN: 365 Framing: Verb:aiFuture.com,TN: 365 Framing: Verb:aiFuture.com,TN: 365 Framing: Verb:aiFuture.com
399,TN: 357 Framing: Verb:avenue,TN: 356 Framing: Verb:avenue,TN: 366 Framing: Verb:avenue,TN: 366 Framing: Verb:avenue,TN: 366 Framing: Verb:avenue,TN: 366 Framing: Verb:avenue,TN: 366 Framing: Verb:avenue
400,TN: 358 Framing: Verb:fax,TN: 357 Framing: Verb:fax,TN: 367 Framing: Verb:fax,TN: 367 Framing: Verb:fax,TN: 367 Framing: Verb:fax,TN: 367 Framing: Verb:fax,TN: 367 Framing: Verb:fax
401,TN: 359 Framing: Verb:is,TN: 358 Framing: Verb:is,TN: 368 Framing: Verb:is,TN: 368 Framing: Verb:is,TN: 368 Framing: Verb:is,TN: 368 Framing: Verb:is,TN: 368 Framing: Verb:is
402,TN: 360 Framing: Verb:being,TN: 359 Framing: Verb:being,TN: 369 Framing: Verb:being,TN: 369 Framing: Verb:being,TN: 369 Framing: Verb:being,TN: 369 Framing: Verb:being,TN: 369 Framing: Verb:being
403,TN: 361 Framing: Verb:sent,TN: 360 Framing: Verb:sent,TN: 370 Framing: Verb:sent,TN: 370 Framing: Verb:sent,TN: 370 Framing: Verb:sent,TN: 370 Framing: Verb:sent,TN: 370 Framing: Verb:sent
404,TN: 362 Framing: Verb:is,TN: 361 Framing: Verb:is,TN: 371 Framing: Verb:is,TN: 371 Framing: Verb:is,TN: 371 Framing: Verb:is,TN: 371 Framing: Verb:is,TN: 371 Framing: Verb:is
405,TN: 363 Framing: Verb:interest,FP: 22 Framing:LOSE Verb:interest,TN: 372 Framing: Verb:interest,TN: 372 Framing: Verb:interest,TN: 372 Framing: Verb:interest,TN: 372 Framing: Verb:interest,TN: 372 Framing: Verb:interest
406,TN: 364 Framing: Verb:please,FP: 23 Framing:LOSE Verb:please,TN: 373 Framing: Verb:please,TN: 373 Framing: Verb:please,TN: 373 Framing: Verb:please,TN: 373 Framing: Verb:please,TN: 373 Framing: Verb:please
407,TN: 365 Framing: Verb:apologize,TN: 362 Framing: Verb:apologize,TN: 374 Framing: Verb:apologize,TN: 374 Framing: Verb:apologize,TN: 374 Framing: Verb:apologize,TN: 374 Framing: Verb:apologize,TN: 374 Framing: Verb:apologize
408,TN: 366 Framing: Verb:is,TN: 363 Framing: Verb:is,TN: 375 Framing: Verb:is,TN: 375 Framing: Verb:is,TN: 375 Framing: Verb:is,TN: 375 Framing: Verb:is,TN: 375 Framing: Verb:is
409,FP: 18 Framing:GAIN Verb:have,TN: 364 Framing: Verb:have,TN: 376 Framing: Verb:have,TN: 376 Framing: Verb:have,TN: 376 Framing: Verb:have,TN: 376 Framing: Verb:have,TN: 376 Framing: Verb:have
410,TN: 367 Framing: Verb:caused,TN: 365 Framing: Verb:caused,TN: 377 Framing: Verb:caused,TN: 377 Framing: Verb:caused,TN: 377 Framing: Verb:caused,TN: 377 Framing: Verb:caused,TN: 377 Framing: Verb:caused
411,TN: 368 Framing: Verb:go,TN: 366 Framing: Verb:go,TN: 378 Framing: Verb:go,TN: 378 Framing: Verb:go,TN: 378 Framing: Verb:go,TN: 378 Framing: Verb:go,TN: 378 Framing: Verb:go
412,TN: 369 Framing: Verb:research,TN: 367 Framing: Verb:research,TN: 379 Framing: Verb:research,TN: 379 Framing: Verb:research,TN: 379 Framing: Verb:research,TN: 379 Framing: Verb:research,TN: 379 Framing: Verb:research
413,TN: 370 Framing: Verb:meeting,TN: 368 Framing: Verb:meeting,TN: 380 Framing: Verb:meeting,TN: 380 Framing: Verb:meeting,TN: 380 Framing: Verb:meeting,TN: 380 Framing: Verb:meeting,TN: 380 Framing: Verb:meeting
414,TN: 371 Framing: Verb:be,TN: 369 Framing: Verb:be,TN: 381 Framing: Verb:be,TN: 381 Framing: Verb:be,TN: 381 Framing: Verb:be,TN: 381 Framing: Verb:be,TN: 381 Framing: Verb:be
415,TN: 372 Framing: Verb:minutes,TN: 370 Framing: Verb:minutes,TN: 382 Framing: Verb:minutes,TN: 382 Framing: Verb:minutes,TN: 382 Framing: Verb:minutes,TN: 382 Framing: Verb:minutes,TN: 382 Framing: Verb:minutes
416,TN: 373 Framing: Verb:be,TN: 371 Framing: Verb:be,TN: 383 Framing: Verb:be,TN: 383 Framing: Verb:be,TN: 383 Framing: Verb:be,TN: 383 Framing: Verb:be,TN: 383 Framing: Verb:be
417,TN: 374 Framing: Verb:please,FP: 24 Framing:LOSE Verb:please,TN: 384 Framing: Verb:please,TN: 384 Framing: Verb:please,TN: 384 Framing: Verb:please,TN: 384 Framing: Verb:please,TN: 384 Framing: Verb:please
418,TN: 375 Framing: Verb:schedule,TN: 372 Framing: Verb:schedule,TN: 385 Framing: Verb:schedule,TN: 385 Framing: Verb:schedule,TN: 385 Framing: Verb:schedule,TN: 385 Framing: Verb:schedule,TN: 385 Framing: Verb:schedule
419,TN: 376 Framing: Verb:thanks,TN: 373 Framing: Verb:thanks,TN: 386 Framing: Verb:thanks,TN: 386 Framing: Verb:thanks,TN: 386 Framing: Verb:thanks,TN: 386 Framing: Verb:thanks,TN: 386 Framing: Verb:thanks
420,TN: 377 Framing: Verb:ready,TN: 374 Framing: Verb:ready,TN: 387 Framing: Verb:ready,TN: 387 Framing: Verb:ready,TN: 387 Framing: Verb:ready,TN: 387 Framing: Verb:ready,TN: 387 Framing: Verb:ready
421,FP: 19 Framing:GAIN Verb:has,TN: 375 Framing: Verb:has,TN: 388 Framing: Verb:has,TN: 388 Framing: Verb:has,TN: 388 Framing: Verb:has,TN: 388 Framing: Verb:has,TN: 388 Framing: Verb:has
422,TN: 378 Framing: Verb:found,FP: 25 Framing:GAIN Verb:found,TN: 389 Framing: Verb:found,TN: 389 Framing: Verb:found,TN: 389 Framing: Verb:found,TN: 389 Framing: Verb:found,TN: 389 Framing: Verb:found
423,TN: 379 Framing: Verb:is,TN: 376 Framing: Verb:is,TN: 390 Framing: Verb:is,TN: 390 Framing: Verb:is,TN: 390 Framing: Verb:is,TN: 390 Framing: Verb:is,TN: 390 Framing: Verb:is
424,TN: 380 Framing: Verb:prescribed,TN: 377 Framing: Verb:prescribed,TN: 391 Framing: Verb:prescribed,TN: 391 Framing: Verb:prescribed,TN: 391 Framing: Verb:prescribed,TN: 391 Framing: Verb:prescribed,TN: 391 Framing: Verb:prescribed
425,TN: 381 Framing: Verb:sleeping,TN: 378 Framing: Verb:sleeping,TN: 392 Framing: Verb:sleeping,TN: 392 Framing: Verb:sleeping,TN: 392 Framing: Verb:sleeping,TN: 392 Framing: Verb:sleeping,TN: 392 Framing: Verb:sleeping
426,TN: 382 Framing: Verb:find,FP: 26 Framing:GAIN Verb:find,TN: 393 Framing: Verb:find,TN: 393 Framing: Verb:find,TN: 393 Framing: Verb:find,TN: 393 Framing: Verb:find,TN: 393 Framing: Verb:find
427,TN: 383 Framing: Verb:contact,TN: 379 Framing: Verb:contact,TN: 394 Framing: Verb:contact,TN: 394 Framing: Verb:contact,TN: 394 Framing: Verb:contact,TN: 394 Framing: Verb:contact,TN: 394 Framing: Verb:contact
428,TN: 384 Framing: Verb:one,TN: 380 Framing: Verb:one,TN: 395 Framing: Verb:one,TN: 395 Framing: Verb:one,TN: 395 Framing: Verb:one,TN: 395 Framing: Verb:one,TN: 395 Framing: Verb:one
429,TN: 385 Framing: Verb:three,TN: 381 Framing: Verb:three,TN: 396 Framing: Verb:three,TN: 396 Framing: Verb:three,TN: 396 Framing: Verb:three,TN: 396 Framing: Verb:three,TN: 396 Framing: Verb:three
430,TN: 386 Framing: Verb:grand,TN: 382 Framing: Verb:grand,TN: 397 Framing: Verb:grand,TN: 397 Framing: Verb:grand,TN: 397 Framing: Verb:grand,TN: 397 Framing: Verb:grand,TN: 397 Framing: Verb:grand
431,TN: 387 Framing: Verb:was,TN: 383 Framing: Verb:was,TN: 398 Framing: Verb:was,TN: 398 Framing: Verb:was,TN: 398 Framing: Verb:was,TN: 398 Framing: Verb:was,TN: 398 Framing: Verb:was
432,TN: 388 Framing: Verb:was,TN: 384 Framing: Verb:was,TN: 399 Framing: Verb:was,TN: 399 Framing: Verb:was,TN: 399 Framing: Verb:was,TN: 399 Framing: Verb:was,TN: 399 Framing: Verb:was
433,TN: 389 Framing: Verb:resented,FP: 27 Framing:LOSE Verb:resented,FP: 9 Framing:LOSE Verb:resented,FP: 9 Framing:LOSE Verb:resented,FP: 9 Framing:LOSE Verb:resented,FP: 9 Framing:LOSE Verb:resented,FP: 9 Framing:LOSE Verb:resented
434,TN: 390 Framing: Verb:supporting,FP: 28 Framing:LOSE Verb:supporting,TN: 400 Framing: Verb:supporting,TN: 400 Framing: Verb:supporting,TN: 400 Framing: Verb:supporting,TN: 400 Framing: Verb:supporting,TN: 400 Framing: Verb:supporting
435,TN: 391 Framing: Verb:ranted,TN: 385 Framing: Verb:ranted,TN: 401 Framing: Verb:ranted,TN: 401 Framing: Verb:ranted,TN: 401 Framing: Verb:ranted,TN: 401 Framing: Verb:ranted,TN: 401 Framing: Verb:ranted
436,FP: 20 Framing:GAIN Verb:having,TN: 386 Framing: Verb:having,TN: 402 Framing: Verb:having,TN: 402 Framing: Verb:having,TN: 402 Framing: Verb:having,TN: 402 Framing: Verb:having,TN: 402 Framing: Verb:having
437,TN: 392 Framing: Verb:do,TN: 387 Framing: Verb:do,TN: 403 Framing: Verb:do,TN: 403 Framing: Verb:do,TN: 403 Framing: Verb:do,TN: 403 Framing: Verb:do,TN: 403 Framing: Verb:do
438,TN: 393 Framing: Verb:known,TN: 388 Framing: Verb:known,TN: 404 Framing: Verb:known,TN: 404 Framing: Verb:known,TN: 404 Framing: Verb:known,TN: 404 Framing: Verb:known,TN: 404 Framing: Verb:known
439,TN: 394 Framing: Verb:ummmm,TN: 389 Framing: Verb:ummmm,TN: 405 Framing: Verb:ummmm,TN: 405 Framing: Verb:ummmm,TN: 405 Framing: Verb:ummmm,TN: 405 Framing: Verb:ummmm,TN: 405 Framing: Verb:ummmm
440,TN: 395 Framing: Verb:dump,TN: 390 Framing: Verb:dump,TN: 406 Framing: Verb:dump,TN: 406 Framing: Verb:dump,TN: 406 Framing: Verb:dump,TN: 406 Framing: Verb:dump,TN: 406 Framing: Verb:dump
441,TN: 396 Framing: Verb:drove,TN: 391 Framing: Verb:drove,TN: 407 Framing: Verb:drove,TN: 407 Framing: Verb:drove,TN: 407 Framing: Verb:drove,TN: 407 Framing: Verb:drove,TN: 407 Framing: Verb:drove
442,TN: 397 Framing: Verb:thought,TN: 392 Framing: Verb:thought,TN: 408 Framing: Verb:thought,TN: 408 Framing: Verb:thought,TN: 408 Framing: Verb:thought,TN: 408 Framing: Verb:thought,TN: 408 Framing: Verb:thought
443,TN: 398 Framing: Verb:about,TN: 393 Framing: Verb:about,TN: 409 Framing: Verb:about,TN: 409 Framing: Verb:about,TN: 409 Framing: Verb:about,TN: 409 Framing: Verb:about,TN: 409 Framing: Verb:about
444,TN: 399 Framing: Verb:please,FP: 29 Framing:LOSE Verb:please,TN: 410 Framing: Verb:please,TN: 410 Framing: Verb:please,TN: 410 Framing: Verb:please,TN: 410 Framing: Verb:please,TN: 410 Framing: Verb:please
445,FP: 21 Framing:GAIN Verb:have,TN: 394 Framing: Verb:have,TN: 411 Framing: Verb:have,TN: 411 Framing: Verb:have,TN: 411 Framing: Verb:have,TN: 411 Framing: Verb:have,TN: 411 Framing: Verb:have
446,TN: 400 Framing: Verb:was,TN: 395 Framing: Verb:was,TN: 412 Framing: Verb:was,TN: 412 Framing: Verb:was,TN: 412 Framing: Verb:was,TN: 412 Framing: Verb:was,TN: 412 Framing: Verb:was
447,FP: 22 Framing:GAIN Verb:got,FP: 30 Framing:GAIN Verb:got,FP: 10 Framing:GAIN Verb:got,FP: 10 Framing:GAIN Verb:got,FP: 10 Framing:GAIN Verb:got,FP: 10 Framing:GAIN Verb:got,FP: 10 Framing:GAIN Verb:got
448,TN: 401 Framing: Verb:complained,TN: 396 Framing: Verb:complained,TN: 413 Framing: Verb:complained,TN: 413 Framing: Verb:complained,TN: 413 Framing: Verb:complained,TN: 413 Framing: Verb:complained,TN: 413 Framing: Verb:complained
449,TN: 402 Framing: Verb:demanded,TN: 397 Framing: Verb:demanded,TN: 414 Framing: Verb:demanded,TN: 414 Framing: Verb:demanded,TN: 414 Framing: Verb:demanded,TN: 414 Framing: Verb:demanded,TN: 414 Framing: Verb:demanded
450,FP: 23 Framing:GAIN Verb:have,TN: 398 Framing: Verb:have,TN: 415 Framing: Verb:have,TN: 415 Framing: Verb:have,TN: 415 Framing: Verb:have,TN: 415 Framing: Verb:have,TN: 415 Framing: Verb:have
451,TN: 403 Framing: Verb:ing,TN: 399 Framing: Verb:ing,TN: 416 Framing: Verb:ing,TN: 416 Framing: Verb:ing,TN: 416 Framing: Verb:ing,TN: 416 Framing: Verb:ing,TN: 416 Framing: Verb:ing
452,TN: 404 Framing: Verb:realizing,TN: 400 Framing: Verb:realizing,TN: 417 Framing: Verb:realizing,TN: 417 Framing: Verb:realizing,TN: 417 Framing: Verb:realizing,TN: 417 Framing: Verb:realizing,TN: 417 Framing: Verb:realizing
453,TN: 405 Framing: Verb:are,TN: 401 Framing: Verb:are,TN: 418 Framing: Verb:are,TN: 418 Framing: Verb:are,TN: 418 Framing: Verb:are,TN: 418 Framing: Verb:are,TN: 418 Framing: Verb:are
454,TN: 406 Framing: Verb:worked,TN: 402 Framing: Verb:worked,TN: 419 Framing: Verb:worked,TN: 419 Framing: Verb:worked,TN: 419 Framing: Verb:worked,TN: 419 Framing: Verb:worked,TN: 419 Framing: Verb:worked
455,TN: 407 Framing: Verb:job,TN: 403 Framing: Verb:job,TN: 420 Framing: Verb:job,TN: 420 Framing: Verb:job,TN: 420 Framing: Verb:job,TN: 420 Framing: Verb:job,TN: 420 Framing: Verb:job
456,TN: 408 Framing: Verb:restaurant,TN: 404 Framing: Verb:restaurant,TN: 421 Framing: Verb:restaurant,TN: 421 Framing: Verb:restaurant,TN: 421 Framing: Verb:restaurant,TN: 421 Framing: Verb:restaurant,TN: 421 Framing: Verb:restaurant
457,TN: 409 Framing: Verb:was,TN: 405 Framing: Verb:was,TN: 422 Framing: Verb:was,TN: 422 Framing: Verb:was,TN: 422 Framing: Verb:was,TN: 422 Framing: Verb:was,TN: 422 Framing: Verb:was
458,TN: 410 Framing: Verb:talking,TN: 406 Framing: Verb:talking,TN: 423 Framing: Verb:talking,TN: 423 Framing: Verb:talking,TN: 423 Framing: Verb:talking,TN: 423 Framing: Verb:talking,TN: 423 Framing: Verb:talking
459,TN: 411 Framing: Verb:asked,TN: 407 Framing: Verb:asked,TN: 424 Framing: Verb:asked,TN: 424 Framing: Verb:asked,TN: 424 Framing: Verb:asked,TN: 424 Framing: Verb:asked,TN: 424 Framing: Verb:asked
460,TN: 412 Framing: Verb:was,TN: 408 Framing: Verb:was,TN: 425 Framing: Verb:was,TN: 425 Framing: Verb:was,TN: 425 Framing: Verb:was,TN: 425 Framing: Verb:was,TN: 425 Framing: Verb:was
461,FP: 24 Framing:GAIN Verb:have,TN: 409 Framing: Verb:have,TN: 426 Framing: Verb:have,TN: 426 Framing: Verb:have,TN: 426 Framing: Verb:have,TN: 426 Framing: Verb:have,TN: 426 Framing: Verb:have
462,TN: 413 Framing: Verb:understand,TN: 410 Framing: Verb:understand,TN: 427 Framing: Verb:understand,TN: 427 Framing: Verb:understand,TN: 427 Framing: Verb:understand,TN: 427 Framing: Verb:understand,TN: 427 Framing: Verb:understand
463,TN: 414 Framing: Verb:were,TN: 411 Framing: Verb:were,TN: 428 Framing: Verb:were,TN: 428 Framing: Verb:were,TN: 428 Framing: Verb:were,TN: 428 Framing: Verb:were,TN: 428 Framing: Verb:were
464,TN: 415 Framing: Verb:explained,TN: 412 Framing: Verb:explained,TN: 429 Framing: Verb:explained,TN: 429 Framing: Verb:explained,TN: 429 Framing: Verb:explained,TN: 429 Framing: Verb:explained,TN: 429 Framing: Verb:explained
465,TN: 416 Framing: Verb:ran,TN: 413 Framing: Verb:ran,TN: 430 Framing: Verb:ran,TN: 430 Framing: Verb:ran,TN: 430 Framing: Verb:ran,TN: 430 Framing: Verb:ran,TN: 430 Framing: Verb:ran
466,TN: 417 Framing: Verb:ran,TN: 414 Framing: Verb:ran,TN: 431 Framing: Verb:ran,TN: 431 Framing: Verb:ran,TN: 431 Framing: Verb:ran,TN: 431 Framing: Verb:ran,TN: 431 Framing: Verb:ran
467,TN: 418 Framing: Verb:serving,TN: 415 Framing: Verb:serving,TN: 432 Framing: Verb:serving,TN: 432 Framing: Verb:serving,TN: 432 Framing: Verb:serving,TN: 432 Framing: Verb:serving,TN: 432 Framing: Verb:serving
468,TN: 419 Framing: Verb:understands,TN: 416 Framing: Verb:understands,TN: 433 Framing: Verb:understands,TN: 433 Framing: Verb:understands,TN: 433 Framing: Verb:understands,TN: 433 Framing: Verb:understands,TN: 433 Framing: Verb:understands
469,TN: 420 Framing: Verb:was,TN: 417 Framing: Verb:was,TN: 434 Framing: Verb:was,TN: 434 Framing: Verb:was,TN: 434 Framing: Verb:was,TN: 434 Framing: Verb:was,TN: 434 Framing: Verb:was
470,TN: 421 Framing: Verb:looked,TN: 418 Framing: Verb:looked,TN: 435 Framing: Verb:looked,TN: 435 Framing: Verb:looked,TN: 435 Framing: Verb:looked,TN: 435 Framing: Verb:looked,TN: 435 Framing: Verb:looked
471,FP: 25 Framing:GAIN Verb:have,TN: 419 Framing: Verb:have,TN: 436 Framing: Verb:have,TN: 436 Framing: Verb:have,TN: 436 Framing: Verb:have,TN: 436 Framing: Verb:have,TN: 436 Framing: Verb:have
472,TN: 422 Framing: Verb:need,TN: 420 Framing: Verb:need,TN: 437 Framing: Verb:need,TN: 437 Framing: Verb:need,TN: 437 Framing: Verb:need,TN: 437 Framing: Verb:need,TN: 437 Framing: Verb:need
