TOPASK RESULTS,,,,,,,
"Each row of the raw data on the Ask and Framing tabs refers, respectively to: (1) a potential Ask action e.g., ""contact""=PERFORM on the Ask tab; or (2) a potential Framing action, e.g., ""win""=GAIN on the Framing tab. Potential Asks and Framings are extracted from a set of anonymized emails---a pool of Panacea team members' collected suspected scam/impersonation emails---using dependency/constituency parsing and semantic role labeling (SRL). If an Ask (GIVE, PERFORM) or Framing (GAIN, LOSE) is assigned by Panacea Ask Detection, the cell will indicate this assignment, e.g., ""Ask:PERFORM Verb:contact"".  On the TopAsk tab: (3) all top ask assignments are marked ""Top:X"". For all three tabs, each column (0-6) is an experimental condition, such as ""no LCS, no CatVar, No Verbal(VB) processing, No Structural(URL) processing"". If the word ""No"" is in front of a condition, it means it is not used in the experiment; if ""No"" is absent, then the condition is used in the experiment.  Finally, for all three tabs, each cell is marked as one of four outcomes of the Panacea Ask/Framing Detection system, measured against Ground Truth: True Positive (TP), True Negative (TN), False Positive (FP), False Negative (FN). Ground truth is available on the Ask Detection website. Also, see Dorr et al., AAAI 2020 for overall Precision, Recall, and F results based on these outcomes.",,,,,,,
,,,,,,,
CASES,,,,,,,
Case Index,Case,,,,,,
0,No LCS No Catvar No VB No URL,,,,,,
1,LCS No Catvar No VB No URL,,,,,,
2,LCS+ No Catvar No VB No URL,,,,,,
3,LCS+ No Catvar VB No URL,,,,,,
4,LCS+ Catvar VB No URL,,,,,,
5,LCS+ Catvar VB Basic URL,,,,,,
6,LCS+ Catvar VB Advanced URL,,,,,,
,,,,,,,
RAW DATA,,,,,,,
Case Index-->,0,1,2,3,4,5,6
1,TN: 1 Top: Verb:stuck,TN: 1 Top: Verb:stuck,TN: 1 Top: Verb:stuck,TN: 1 Top: Verb:stuck,TN: 1 Top: Verb:stuck,TN: 1 Top: Verb:stuck,TN: 1 Top: Verb:stuck
2,TN: 2 Top: Verb:am,TN: 2 Top: Verb:am,TN: 2 Top: Verb:am,TN: 2 Top: Verb:am,TN: 2 Top: Verb:am,TN: 2 Top: Verb:am,TN: 2 Top: Verb:am
3,FN: 1 Top: Verb:help,FN: 1 Top: Verb:help,TP: 1 Top:X Verb:help,TP: 1 Top:X Verb:help,TP: 1 Top:X Verb:help,TP: 1 Top:X Verb:help,TP: 1 Top:X Verb:help
4,TN: 3 Top: Verb:sending,FP: 1 Top:X Verb:sending,FP: 1 Top:X Verb:sending,TN: 3 Top: Verb:sending,TN: 3 Top: Verb:sending,TN: 3 Top: Verb:sending,TN: 3 Top: Verb:sending
5,TN: 4 Top: Verb:hello,TN: 3 Top: Verb:hello,TN: 3 Top: Verb:hello,TN: 4 Top: Verb:hello,TN: 4 Top: Verb:hello,TN: 4 Top: Verb:hello,TN: 4 Top: Verb:hello
6,TN: 5 Top: Verb:wow,TN: 4 Top: Verb:wow,TN: 4 Top: Verb:wow,TN: 5 Top: Verb:wow,TN: 5 Top: Verb:wow,TN: 5 Top: Verb:wow,TN: 5 Top: Verb:wow
7,TN: 6 Top: Verb:congratulation,TN: 5 Top: Verb:congratulation,TN: 5 Top: Verb:congratulation,TN: 6 Top: Verb:congratulation,TN: 6 Top: Verb:congratulation,TN: 6 Top: Verb:congratulation,TN: 6 Top: Verb:congratulation
8,TN: 7 Top: Verb:inform,TN: 6 Top: Verb:inform,TN: 6 Top: Verb:inform,TN: 7 Top: Verb:inform,TN: 7 Top: Verb:inform,TN: 7 Top: Verb:inform,TN: 7 Top: Verb:inform
9,TN: 8 Top: Verb:is,TN: 7 Top: Verb:is,TN: 7 Top: Verb:is,TN: 8 Top: Verb:is,TN: 8 Top: Verb:is,TN: 8 Top: Verb:is,TN: 8 Top: Verb:is
10,TN: 9 Top: Verb:have,TN: 8 Top: Verb:have,TN: 8 Top: Verb:have,TN: 9 Top: Verb:have,TN: 9 Top: Verb:have,TN: 9 Top: Verb:have,TN: 9 Top: Verb:have
11,TN: 10 Top: Verb:won,TN: 9 Top: Verb:won,TN: 9 Top: Verb:won,TN: 10 Top: Verb:won,TN: 10 Top: Verb:won,TN: 10 Top: Verb:won,TN: 10 Top: Verb:won
12,FN: 2 Top: Verb:contact,FN: 2 Top: Verb:contact,TP: 2 Top:X Verb:contact,TP: 2 Top:X Verb:contact,TP: 2 Top:X Verb:contact,TP: 2 Top:X Verb:contact,TP: 2 Top:X Verb:contact
13,TN: 11 Top: Verb:.,TN: 10 Top: Verb:.,TN: 10 Top: Verb:.,TN: 11 Top: Verb:.,TN: 11 Top: Verb:.,TN: 11 Top: Verb:.,TN: 11 Top: Verb:.
14,TN: 12 Top: Verb:jw11@example.com,TN: 11 Top: Verb:jw11@example.com,TN: 11 Top: Verb:jw11@example.com,TN: 12 Top: Verb:jw11@example.com,TN: 12 Top: Verb:jw11@example.com,TN: 12 Top: Verb:jw11@example.com,TN: 12 Top: Verb:jw11@example.com
15,TN: 13 Top: Verb:yours,TN: 12 Top: Verb:yours,TN: 12 Top: Verb:yours,TN: 13 Top: Verb:yours,TN: 13 Top: Verb:yours,TN: 13 Top: Verb:yours,TN: 13 Top: Verb:yours
16,TN: 14 Top: Verb:--,TN: 13 Top: Verb:--,TN: 13 Top: Verb:--,TN: 14 Top: Verb:--,TN: 14 Top: Verb:--,TN: 14 Top: Verb:--,TN: 14 Top: Verb:--
17,TN: 15 Top: Verb:director,TN: 14 Top: Verb:director,TN: 14 Top: Verb:director,TN: 15 Top: Verb:director,TN: 15 Top: Verb:director,TN: 15 Top: Verb:director,TN: 15 Top: Verb:director
18,TN: 16 Top: Verb:ocala,TN: 15 Top: Verb:ocala,TN: 15 Top: Verb:ocala,TN: 16 Top: Verb:ocala,TN: 16 Top: Verb:ocala,TN: 16 Top: Verb:ocala,TN: 16 Top: Verb:ocala
19,TN: 17 Top: Verb:hello,TN: 16 Top: Verb:hello,TN: 16 Top: Verb:hello,TN: 17 Top: Verb:hello,TN: 17 Top: Verb:hello,TN: 17 Top: Verb:hello,TN: 17 Top: Verb:hello
20,TN: 18 Top: Verb:sent,TN: 17 Top: Verb:sent,FP: 2 Top:X Verb:sent,TN: 18 Top: Verb:sent,TN: 18 Top: Verb:sent,TN: 18 Top: Verb:sent,TN: 18 Top: Verb:sent
21,TN: 19 Top: Verb:url,TN: 18 Top: Verb:url,TN: 17 Top: Verb:url,TN: 19 Top: Verb:url,TN: 19 Top: Verb:url,TN: 19 Top: Verb:url,TN: 19 Top: Verb:url
22,TN: 20 Top: Verb:signing,TN: 19 Top: Verb:signing,TN: 18 Top: Verb:signing,TN: 20 Top: Verb:signing,TN: 20 Top: Verb:signing,TN: 20 Top: Verb:signing,TN: 20 Top: Verb:signing
23,FN: 3 Top: Verb:use,FN: 3 Top: Verb:use,FN: 1 Top: Verb:use,FN: 1 Top: Verb:use,FN: 1 Top: Verb:use,FN: 1 Top: Verb:use,FN: 1 Top: Verb:use
24,TN: 21 Top: Verb:following,TN: 20 Top: Verb:following,TN: 19 Top: Verb:following,TN: 21 Top: Verb:following,TN: 21 Top: Verb:following,TN: 21 Top: Verb:following,TN: 21 Top: Verb:following
25,FP: 1 Top:X Verb:complete,TN: 21 Top: Verb:complete,TN: 20 Top: Verb:complete,TN: 22 Top: Verb:complete,TN: 22 Top: Verb:complete,TN: 22 Top: Verb:complete,TN: 22 Top: Verb:complete
26,TN: 22 Top: Verb:15966,TN: 22 Top: Verb:15966,TN: 21 Top: Verb:15966,TN: 23 Top: Verb:15966,TN: 23 Top: Verb:15966,TN: 23 Top: Verb:15966,TN: 23 Top: Verb:15966
27,TN: 23 Top: Verb:thanks,TN: 23 Top: Verb:thanks,TN: 22 Top: Verb:thanks,TN: 24 Top: Verb:thanks,TN: 24 Top: Verb:thanks,TN: 24 Top: Verb:thanks,TN: 24 Top: Verb:thanks
28,TN: 24 Top: Verb:newspost,TN: 24 Top: Verb:newspost,TN: 23 Top: Verb:newspost,TN: 25 Top: Verb:newspost,TN: 25 Top: Verb:newspost,TN: 25 Top: Verb:newspost,TN: 25 Top: Verb:newspost
29,TN: 25 Top: Verb:ask,FP: 2 Top:X Verb:ask,FP: 3 Top:X Verb:ask,FP: 1 Top:X Verb:ask,FP: 1 Top:X Verb:ask,FP: 1 Top:X Verb:ask,FP: 1 Top:X Verb:ask
30,TN: 26 Top: Verb:go,TN: 25 Top: Verb:go,TN: 24 Top: Verb:go,TN: 26 Top: Verb:go,TN: 26 Top: Verb:go,TN: 26 Top: Verb:go,TN: 26 Top: Verb:go
31,TN: 27 Top: Verb:do,TN: 26 Top: Verb:do,TN: 25 Top: Verb:do,TN: 27 Top: Verb:do,TN: 27 Top: Verb:do,TN: 27 Top: Verb:do,TN: 27 Top: Verb:do
32,TN: 28 Top: Verb:trust,TN: 27 Top: Verb:trust,TN: 26 Top: Verb:trust,TN: 28 Top: Verb:trust,TN: 28 Top: Verb:trust,TN: 28 Top: Verb:trust,TN: 28 Top: Verb:trust
33,TN: 29 Top: Verb:employees,TN: 28 Top: Verb:employees,TN: 27 Top: Verb:employees,TN: 29 Top: Verb:employees,TN: 29 Top: Verb:employees,TN: 29 Top: Verb:employees,TN: 29 Top: Verb:employees
34,TN: 30 Top: Verb:able,TN: 29 Top: Verb:able,TN: 28 Top: Verb:able,TN: 30 Top: Verb:able,TN: 30 Top: Verb:able,TN: 30 Top: Verb:able,TN: 30 Top: Verb:able
35,TN: 31 Top: Verb:be,TN: 30 Top: Verb:be,TN: 29 Top: Verb:be,TN: 31 Top: Verb:be,TN: 31 Top: Verb:be,TN: 31 Top: Verb:be,TN: 31 Top: Verb:be
36,TN: 32 Top: Verb:get,TN: 31 Top: Verb:get,TN: 30 Top: Verb:get,TN: 32 Top: Verb:get,TN: 32 Top: Verb:get,TN: 32 Top: Verb:get,TN: 32 Top: Verb:get
37,FN: 4 Top: Verb:check,FN: 4 Top: Verb:check,FN: 2 Top: Verb:check,FN: 2 Top: Verb:check,FN: 2 Top: Verb:check,TP: 3 Top:X Verb:check,TP: 3 Top:X Verb:check
38,TN: 33 Top: Verb:work,TN: 32 Top: Verb:work,TN: 31 Top: Verb:work,TN: 33 Top: Verb:work,TN: 33 Top: Verb:work,TN: 33 Top: Verb:work,TN: 33 Top: Verb:work
39,FN: 5 Top: Verb:copy,FN: 5 Top: Verb:copy,FN: 3 Top: Verb:copy,FN: 3 Top: Verb:copy,FN: 3 Top: Verb:copy,TP: 4 Top:X Verb:copy,TP: 4 Top:X Verb:copy
40,FN: 6 Top: Verb:paste,FN: 6 Top: Verb:paste,FN: 4 Top: Verb:paste,FN: 4 Top: Verb:paste,FN: 4 Top: Verb:paste,TP: 5 Top:X Verb:paste,TP: 5 Top:X Verb:paste
41,TN: 34 Top: Verb:following,TN: 33 Top: Verb:following,TN: 32 Top: Verb:following,TN: 34 Top: Verb:following,TN: 34 Top: Verb:following,TN: 34 Top: Verb:following,TN: 34 Top: Verb:following
42,TN: 35 Top: Verb:url,TN: 34 Top: Verb:url,TN: 33 Top: Verb:url,TN: 35 Top: Verb:url,TN: 35 Top: Verb:url,TN: 35 Top: Verb:url,TN: 35 Top: Verb:url
43,TN: 36 Top: Verb:does,TN: 35 Top: Verb:does,TN: 34 Top: Verb:does,TN: 36 Top: Verb:does,TN: 36 Top: Verb:does,TN: 36 Top: Verb:does,TN: 36 Top: Verb:does
44,TN: 37 Top: Verb:regards,TN: 36 Top: Verb:regards,TN: 35 Top: Verb:regards,TN: 37 Top: Verb:regards,TN: 37 Top: Verb:regards,TN: 37 Top: Verb:regards,TN: 37 Top: Verb:regards
45,TN: 38 Top: Verb:richard,TN: 37 Top: Verb:richard,TN: 36 Top: Verb:richard,TN: 38 Top: Verb:richard,TN: 38 Top: Verb:richard,TN: 38 Top: Verb:richard,TN: 38 Top: Verb:richard
46,FN: 7 Top: Verb:sign,TP: 1 Top:X Verb:sign,FN: 5 Top: Verb:sign,FN: 5 Top: Verb:sign,FN: 5 Top: Verb:sign,TP: 6 Top:X Verb:sign,TP: 6 Top:X Verb:sign
47,FN: 8 Top: Verb:receive,FN: 7 Top: Verb:receive,TP: 3 Top:X Verb:receive,TP: 3 Top:X Verb:receive,TP: 3 Top:X Verb:receive,TP: 7 Top:X Verb:receive,TP: 7 Top:X Verb:receive
48,TN: 39 Top: Verb:be,TN: 38 Top: Verb:be,TN: 37 Top: Verb:be,TN: 39 Top: Verb:be,TN: 39 Top: Verb:be,TN: 39 Top: Verb:be,TN: 39 Top: Verb:be
49,TN: 40 Top: Verb:notifed,TN: 39 Top: Verb:notifed,TN: 38 Top: Verb:notifed,TN: 40 Top: Verb:notifed,TN: 40 Top: Verb:notifed,TN: 40 Top: Verb:notifed,TN: 40 Top: Verb:notifed
50,TN: 41 Top: Verb:alerts,TN: 40 Top: Verb:alerts,TN: 39 Top: Verb:alerts,TN: 41 Top: Verb:alerts,TN: 41 Top: Verb:alerts,TN: 41 Top: Verb:alerts,TN: 41 Top: Verb:alerts
51,TN: 42 Top: Verb:service,TN: 41 Top: Verb:service,TN: 40 Top: Verb:service,TN: 42 Top: Verb:service,TN: 42 Top: Verb:service,TN: 42 Top: Verb:service,TN: 42 Top: Verb:service
52,TN: 43 Top: Verb:is,TN: 42 Top: Verb:is,TN: 41 Top: Verb:is,TN: 43 Top: Verb:is,TN: 43 Top: Verb:is,TN: 43 Top: Verb:is,TN: 43 Top: Verb:is
53,TN: 44 Top: Verb:unsubscribe,TN: 43 Top: Verb:unsubscribe,TN: 42 Top: Verb:unsubscribe,TN: 44 Top: Verb:unsubscribe,TN: 44 Top: Verb:unsubscribe,FP: 2 Top:X Verb:unsubscribe,FP: 2 Top:X Verb:unsubscribe
54,TN: 45 Top: Verb:receive,TN: 44 Top: Verb:receive,TN: 43 Top: Verb:receive,TN: 45 Top: Verb:receive,TN: 45 Top: Verb:receive,TN: 44 Top: Verb:receive,TN: 44 Top: Verb:receive
55,TN: 46 Top: Verb:reply,TN: 45 Top: Verb:reply,FP: 4 Top:X Verb:reply,FP: 2 Top:X Verb:reply,FP: 2 Top:X Verb:reply,TN: 45 Top: Verb:reply,TN: 45 Top: Verb:reply
56,TN: 47 Top: Verb:thank,TN: 46 Top: Verb:thank,TN: 44 Top: Verb:thank,TN: 46 Top: Verb:thank,TN: 46 Top: Verb:thank,TN: 46 Top: Verb:thank,TN: 46 Top: Verb:thank
57,TN: 48 Top: Verb:med,TN: 47 Top: Verb:med,TN: 45 Top: Verb:med,TN: 47 Top: Verb:med,TN: 47 Top: Verb:med,TN: 47 Top: Verb:med,TN: 47 Top: Verb:med
58,TN: 49 Top: Verb:larry,TN: 48 Top: Verb:larry,TN: 46 Top: Verb:larry,TN: 48 Top: Verb:larry,TN: 48 Top: Verb:larry,TN: 48 Top: Verb:larry,TN: 48 Top: Verb:larry
59,TN: 50 Top: Verb:hope,TN: 49 Top: Verb:hope,TN: 47 Top: Verb:hope,TN: 49 Top: Verb:hope,TN: 49 Top: Verb:hope,TN: 49 Top: Verb:hope,TN: 49 Top: Verb:hope
60,TN: 51 Top: Verb:enjoy,TN: 50 Top: Verb:enjoy,TN: 48 Top: Verb:enjoy,TN: 50 Top: Verb:enjoy,TN: 50 Top: Verb:enjoy,TN: 50 Top: Verb:enjoy,TN: 50 Top: Verb:enjoy
61,TN: 52 Top: Verb:have,TN: 51 Top: Verb:have,TN: 49 Top: Verb:have,TN: 51 Top: Verb:have,TN: 51 Top: Verb:have,TN: 51 Top: Verb:have,TN: 51 Top: Verb:have
62,TN: 53 Top: Verb:250,TN: 52 Top: Verb:250,TN: 50 Top: Verb:250,TN: 52 Top: Verb:250,TN: 52 Top: Verb:250,TN: 52 Top: Verb:250,TN: 52 Top: Verb:250
63,TN: 54 Top: Verb:$,TN: 53 Top: Verb:$,TN: 51 Top: Verb:$,TN: 53 Top: Verb:$,TN: 53 Top: Verb:$,TN: 53 Top: Verb:$,TN: 53 Top: Verb:$
64,TN: 55 Top: Verb:card,TN: 54 Top: Verb:card,TN: 52 Top: Verb:card,TN: 54 Top: Verb:card,TN: 54 Top: Verb:card,TN: 54 Top: Verb:card,TN: 54 Top: Verb:card
65,TN: 56 Top: Verb:have,TN: 55 Top: Verb:have,TN: 53 Top: Verb:have,TN: 55 Top: Verb:have,TN: 55 Top: Verb:have,TN: 55 Top: Verb:have,TN: 55 Top: Verb:have
66,FN: 9 Top: Verb:sign-up,FN: 8 Top: Verb:sign-up,FN: 6 Top: Verb:sign-up,FN: 6 Top: Verb:sign-up,FN: 6 Top: Verb:sign-up,FN: 2 Top: Verb:sign-up,FN: 2 Top: Verb:sign-up
67,TN: 57 Top: Verb:redeem,TN: 56 Top: Verb:redeem,TN: 54 Top: Verb:redeem,TN: 56 Top: Verb:redeem,TN: 56 Top: Verb:redeem,TN: 56 Top: Verb:redeem,TN: 56 Top: Verb:redeem
68,TN: 58 Top: Verb:code,TN: 57 Top: Verb:code,TN: 55 Top: Verb:code,TN: 57 Top: Verb:code,TN: 57 Top: Verb:code,TN: 57 Top: Verb:code,TN: 57 Top: Verb:code
69,TN: 59 Top: Verb:8jdk-dfs46w4vs3-54418,TN: 58 Top: Verb:8jdk-dfs46w4vs3-54418,TN: 56 Top: Verb:8jdk-dfs46w4vs3-54418,TN: 58 Top: Verb:8jdk-dfs46w4vs3-54418,TN: 58 Top: Verb:8jdk-dfs46w4vs3-54418,TN: 58 Top: Verb:8jdk-dfs46w4vs3-54418,TN: 58 Top: Verb:8jdk-dfs46w4vs3-54418
70,TN: 60 Top: Verb:added,TN: 59 Top: Verb:added,TN: 57 Top: Verb:added,TN: 59 Top: Verb:added,TN: 59 Top: Verb:added,TN: 59 Top: Verb:added,TN: 59 Top: Verb:added
71,TN: 61 Top: Verb:applied,TN: 60 Top: Verb:applied,TN: 58 Top: Verb:applied,TN: 60 Top: Verb:applied,TN: 60 Top: Verb:applied,TN: 60 Top: Verb:applied,TN: 60 Top: Verb:applied
72,TN: 62 Top: Verb:be,TN: 61 Top: Verb:be,TN: 59 Top: Verb:be,TN: 61 Top: Verb:be,TN: 61 Top: Verb:be,TN: 61 Top: Verb:be,TN: 61 Top: Verb:be
73,TN: 63 Top: Verb:be,TN: 62 Top: Verb:be,TN: 60 Top: Verb:be,TN: 62 Top: Verb:be,TN: 62 Top: Verb:be,TN: 62 Top: Verb:be,TN: 62 Top: Verb:be
74,TN: 64 Top: Verb:used,TN: 63 Top: Verb:used,TN: 61 Top: Verb:used,TN: 63 Top: Verb:used,TN: 63 Top: Verb:used,TN: 63 Top: Verb:used,TN: 63 Top: Verb:used
75,TN: 65 Top: Verb:buy,TN: 64 Top: Verb:buy,TN: 62 Top: Verb:buy,TN: 64 Top: Verb:buy,TN: 64 Top: Verb:buy,TN: 64 Top: Verb:buy,TN: 64 Top: Verb:buy
76,TN: 66 Top: Verb:required,TN: 65 Top: Verb:required,TN: 63 Top: Verb:required,TN: 65 Top: Verb:required,TN: 65 Top: Verb:required,TN: 65 Top: Verb:required,TN: 65 Top: Verb:required
77,TN: 67 Top: Verb:redeemed,FP: 3 Top:X Verb:redeemed,FP: 5 Top:X Verb:redeemed,TN: 66 Top: Verb:redeemed,TN: 66 Top: Verb:redeemed,TN: 66 Top: Verb:redeemed,TN: 66 Top: Verb:redeemed
78,TN: 68 Top: Verb:applied,TN: 66 Top: Verb:applied,TN: 64 Top: Verb:applied,TN: 67 Top: Verb:applied,TN: 67 Top: Verb:applied,TN: 67 Top: Verb:applied,TN: 67 Top: Verb:applied
79,TN: 69 Top: Verb:be,TN: 67 Top: Verb:be,TN: 65 Top: Verb:be,TN: 68 Top: Verb:be,TN: 68 Top: Verb:be,TN: 68 Top: Verb:be,TN: 68 Top: Verb:be
80,FN: 10 Top: Verb:do,FN: 9 Top: Verb:do,FN: 7 Top: Verb:do,FN: 7 Top: Verb:do,FN: 7 Top: Verb:do,FN: 3 Top: Verb:do,FN: 3 Top: Verb:do
81,TN: 70 Top: Verb:want,TN: 68 Top: Verb:want,TN: 66 Top: Verb:want,FP: 3 Top:X Verb:want,TN: 69 Top: Verb:want,TN: 69 Top: Verb:want,TN: 69 Top: Verb:want
82,TN: 71 Top: Verb:use,TN: 69 Top: Verb:use,TN: 67 Top: Verb:use,TN: 69 Top: Verb:use,TN: 70 Top: Verb:use,TN: 70 Top: Verb:use,TN: 70 Top: Verb:use
83,TN: 72 Top: Verb:reference,TN: 70 Top: Verb:reference,TN: 68 Top: Verb:reference,TN: 70 Top: Verb:reference,FP: 3 Top:X Verb:reference,FP: 3 Top:X Verb:reference,FP: 3 Top:X Verb:reference
84,TN: 73 Top: Verb:experience,TN: 71 Top: Verb:experience,TN: 69 Top: Verb:experience,TN: 71 Top: Verb:experience,TN: 71 Top: Verb:experience,TN: 71 Top: Verb:experience,TN: 71 Top: Verb:experience
85,TN: 74 Top: Verb:using,TN: 72 Top: Verb:using,TN: 70 Top: Verb:using,TN: 72 Top: Verb:using,TN: 72 Top: Verb:using,TN: 72 Top: Verb:using,TN: 72 Top: Verb:using
86,TP: 1 Top:X Verb:providing,FN: 10 Top: Verb:providing,FN: 8 Top: Verb:providing,FN: 8 Top: Verb:providing,FN: 8 Top: Verb:providing,FN: 4 Top: Verb:providing,FN: 4 Top: Verb:providing
87,TN: 75 Top: Verb:following,TN: 73 Top: Verb:following,TN: 71 Top: Verb:following,TN: 73 Top: Verb:following,TN: 73 Top: Verb:following,TN: 73 Top: Verb:following,TN: 73 Top: Verb:following
88,TN: 76 Top: Verb:number,TN: 74 Top: Verb:number,TN: 72 Top: Verb:number,TN: 74 Top: Verb:number,TN: 74 Top: Verb:number,TN: 74 Top: Verb:number,TN: 74 Top: Verb:number
89,TN: 77 Top: Verb:number,TN: 75 Top: Verb:number,TN: 73 Top: Verb:number,TN: 75 Top: Verb:number,TN: 75 Top: Verb:number,TN: 75 Top: Verb:number,TN: 75 Top: Verb:number
90,TN: 78 Top: Verb:548-84159224-845169,TN: 76 Top: Verb:548-84159224-845169,TN: 74 Top: Verb:548-84159224-845169,TN: 76 Top: Verb:548-84159224-845169,TN: 76 Top: Verb:548-84159224-845169,TN: 76 Top: Verb:548-84159224-845169,TN: 76 Top: Verb:548-84159224-845169
91,TN: 79 Top: Verb:sold,TN: 77 Top: Verb:sold,TN: 75 Top: Verb:sold,TN: 77 Top: Verb:sold,TN: 77 Top: Verb:sold,TN: 77 Top: Verb:sold,TN: 77 Top: Verb:sold
92,TN: 80 Top: Verb:terms,TN: 78 Top: Verb:terms,TN: 76 Top: Verb:terms,TN: 78 Top: Verb:terms,TN: 78 Top: Verb:terms,TN: 78 Top: Verb:terms,TN: 78 Top: Verb:terms
93,TN: 81 Top: Verb:conditions,TN: 79 Top: Verb:conditions,TN: 77 Top: Verb:conditions,TN: 79 Top: Verb:conditions,TN: 79 Top: Verb:conditions,TN: 79 Top: Verb:conditions,TN: 79 Top: Verb:conditions
94,FN: 11 Top: Verb:send,TP: 2 Top:X Verb:send,TP: 4 Top:X Verb:send,TP: 4 Top:X Verb:send,TP: 4 Top:X Verb:send,TP: 8 Top:X Verb:send,TP: 8 Top:X Verb:send
95,TP: 2 Top:X Verb:do,FN: 11 Top: Verb:do,FN: 9 Top: Verb:do,FN: 9 Top: Verb:do,FN: 9 Top: Verb:do,FN: 5 Top: Verb:do,FN: 5 Top: Verb:do
96,TN: 82 Top: Verb:lose,TN: 80 Top: Verb:lose,TN: 78 Top: Verb:lose,TN: 80 Top: Verb:lose,TN: 80 Top: Verb:lose,TN: 80 Top: Verb:lose,TN: 80 Top: Verb:lose
97,TN: 83 Top: Verb:won,TN: 81 Top: Verb:won,TN: 79 Top: Verb:won,TN: 81 Top: Verb:won,TN: 81 Top: Verb:won,TN: 81 Top: Verb:won,TN: 81 Top: Verb:won
98,TN: 84 Top: Verb:have,TN: 82 Top: Verb:have,TN: 80 Top: Verb:have,TN: 82 Top: Verb:have,TN: 82 Top: Verb:have,TN: 82 Top: Verb:have,TN: 82 Top: Verb:have
99,FN: 12 Top: Verb:respond,FN: 12 Top: Verb:respond,FN: 10 Top: Verb:respond,FN: 10 Top: Verb:respond,FN: 10 Top: Verb:respond,FN: 6 Top: Verb:respond,FN: 6 Top: Verb:respond
100,TN: 85 Top: Verb:star,TN: 83 Top: Verb:star,TN: 81 Top: Verb:star,TN: 83 Top: Verb:star,TN: 83 Top: Verb:star,TN: 83 Top: Verb:star,TN: 83 Top: Verb:star
101,TN: 86 Top: Verb:be,TN: 84 Top: Verb:be,TN: 82 Top: Verb:be,TN: 84 Top: Verb:be,TN: 84 Top: Verb:be,TN: 84 Top: Verb:be,TN: 84 Top: Verb:be
102,TN: 87 Top: Verb:featured,TN: 85 Top: Verb:featured,TN: 83 Top: Verb:featured,TN: 85 Top: Verb:featured,TN: 85 Top: Verb:featured,TN: 85 Top: Verb:featured,TN: 85 Top: Verb:featured
103,TN: 88 Top: Verb:win,TN: 86 Top: Verb:win,TN: 84 Top: Verb:win,TN: 86 Top: Verb:win,TN: 86 Top: Verb:win,TN: 86 Top: Verb:win,TN: 86 Top: Verb:win
104,TN: 89 Top: Verb:pets,TN: 87 Top: Verb:pets,TN: 85 Top: Verb:pets,TN: 87 Top: Verb:pets,TN: 87 Top: Verb:pets,TN: 87 Top: Verb:pets,TN: 87 Top: Verb:pets
105,TN: 90 Top: Verb:brought,FP: 4 Top:X Verb:brought,FP: 6 Top:X Verb:brought,TN: 88 Top: Verb:brought,TN: 88 Top: Verb:brought,TN: 88 Top: Verb:brought,TN: 88 Top: Verb:brought
106,TN: 91 Top: Verb:is,TN: 88 Top: Verb:is,TN: 86 Top: Verb:is,TN: 89 Top: Verb:is,TN: 89 Top: Verb:is,TN: 89 Top: Verb:is,TN: 89 Top: Verb:is
107,TN: 92 Top: Verb:DogsAreFun.com,TN: 89 Top: Verb:DogsAreFun.com,TN: 87 Top: Verb:DogsAreFun.com,TN: 90 Top: Verb:DogsAreFun.com,TN: 90 Top: Verb:DogsAreFun.com,TN: 90 Top: Verb:DogsAreFun.com,TN: 90 Top: Verb:DogsAreFun.com
108,TN: 93 Top: Verb:contest,TN: 90 Top: Verb:contest,TN: 88 Top: Verb:contest,TN: 91 Top: Verb:contest,TN: 91 Top: Verb:contest,TN: 91 Top: Verb:contest,TN: 91 Top: Verb:contest
109,TN: 94 Top: Verb:this,TN: 91 Top: Verb:this,TN: 89 Top: Verb:this,TN: 92 Top: Verb:this,TN: 92 Top: Verb:this,TN: 92 Top: Verb:this,TN: 92 Top: Verb:this
110,FN: 13 Top: Verb:enter,FN: 13 Top: Verb:enter,FN: 11 Top: Verb:enter,FN: 11 Top: Verb:enter,FN: 11 Top: Verb:enter,FN: 7 Top: Verb:enter,FN: 7 Top: Verb:enter
111,TN: 95 Top: Verb:have,TN: 92 Top: Verb:have,TN: 90 Top: Verb:have,TN: 93 Top: Verb:have,TN: 93 Top: Verb:have,TN: 93 Top: Verb:have,TN: 93 Top: Verb:have
112,TN: 96 Top: Verb:featured,TN: 93 Top: Verb:featured,TN: 91 Top: Verb:featured,TN: 94 Top: Verb:featured,TN: 94 Top: Verb:featured,TN: 94 Top: Verb:featured,TN: 94 Top: Verb:featured
113,TN: 97 Top: Verb:plus,TN: 94 Top: Verb:plus,TN: 92 Top: Verb:plus,TN: 95 Top: Verb:plus,TN: 95 Top: Verb:plus,TN: 95 Top: Verb:plus,TN: 95 Top: Verb:plus
114,TN: 98 Top: Verb:by,TN: 95 Top: Verb:by,TN: 93 Top: Verb:by,TN: 96 Top: Verb:by,TN: 96 Top: Verb:by,TN: 96 Top: Verb:by,TN: 96 Top: Verb:by
115,TN: 99 Top: Verb:enter,TN: 96 Top: Verb:enter,TN: 94 Top: Verb:enter,TN: 97 Top: Verb:enter,TN: 97 Top: Verb:enter,TN: 97 Top: Verb:enter,TN: 97 Top: Verb:enter
116,FN: 14 Top: Verb:submit,FN: 14 Top: Verb:submit,FN: 12 Top: Verb:submit,FN: 12 Top: Verb:submit,FN: 12 Top: Verb:submit,FN: 8 Top: Verb:submit,FN: 8 Top: Verb:submit
117,TN: 100 Top: Verb:all,TN: 97 Top: Verb:all,TN: 95 Top: Verb:all,TN: 98 Top: Verb:all,TN: 98 Top: Verb:all,TN: 98 Top: Verb:all,TN: 98 Top: Verb:all
118,TN: 101 Top: Verb:categories,TN: 98 Top: Verb:categories,TN: 96 Top: Verb:categories,TN: 99 Top: Verb:categories,TN: 99 Top: Verb:categories,TN: 99 Top: Verb:categories,TN: 99 Top: Verb:categories
119,TN: 102 Top: Verb:following,TN: 99 Top: Verb:following,TN: 97 Top: Verb:following,TN: 100 Top: Verb:following,TN: 100 Top: Verb:following,TN: 100 Top: Verb:following,TN: 100 Top: Verb:following
120,TN: 103 Top: Verb:dog,TN: 100 Top: Verb:dog,TN: 98 Top: Verb:dog,TN: 101 Top: Verb:dog,TN: 101 Top: Verb:dog,TN: 101 Top: Verb:dog,TN: 101 Top: Verb:dog
121,TN: 104 Top: Verb:presented,TN: 101 Top: Verb:presented,TN: 99 Top: Verb:presented,TN: 102 Top: Verb:presented,TN: 102 Top: Verb:presented,TN: 102 Top: Verb:presented,TN: 102 Top: Verb:presented
122,TN: 105 Top: Verb:get,TN: 102 Top: Verb:get,TN: 100 Top: Verb:get,TN: 103 Top: Verb:get,TN: 103 Top: Verb:get,TN: 103 Top: Verb:get,TN: 103 Top: Verb:get
123,TN: 106 Top: Verb:presented,TN: 103 Top: Verb:presented,TN: 101 Top: Verb:presented,TN: 104 Top: Verb:presented,TN: 104 Top: Verb:presented,TN: 104 Top: Verb:presented,TN: 104 Top: Verb:presented
124,TN: 107 Top: Verb:sleeping,TN: 104 Top: Verb:sleeping,TN: 102 Top: Verb:sleeping,TN: 105 Top: Verb:sleeping,TN: 105 Top: Verb:sleeping,TN: 105 Top: Verb:sleeping,TN: 105 Top: Verb:sleeping
125,TN: 108 Top: Verb:pick,TN: 105 Top: Verb:pick,TN: 103 Top: Verb:pick,TN: 106 Top: Verb:pick,TN: 106 Top: Verb:pick,TN: 106 Top: Verb:pick,TN: 106 Top: Verb:pick
126,FN: 15 Top: Verb:submit,FN: 15 Top: Verb:submit,FN: 13 Top: Verb:submit,FN: 13 Top: Verb:submit,FN: 13 Top: Verb:submit,FN: 9 Top: Verb:submit,FN: 9 Top: Verb:submit
127,TN: 109 Top: Verb:vote,TN: 106 Top: Verb:vote,TN: 104 Top: Verb:vote,TN: 107 Top: Verb:vote,TN: 107 Top: Verb:vote,TN: 107 Top: Verb:vote,TN: 107 Top: Verb:vote
128,TN: 110 Top: Verb:three,TN: 107 Top: Verb:three,TN: 105 Top: Verb:three,TN: 108 Top: Verb:three,TN: 108 Top: Verb:three,TN: 108 Top: Verb:three,TN: 108 Top: Verb:three
129,TN: 111 Top: Verb:winners,TN: 108 Top: Verb:winners,TN: 106 Top: Verb:winners,TN: 109 Top: Verb:winners,TN: 109 Top: Verb:winners,TN: 109 Top: Verb:winners,TN: 109 Top: Verb:winners
130,TN: 112 Top: Verb:are,TN: 109 Top: Verb:are,TN: 107 Top: Verb:are,TN: 110 Top: Verb:are,TN: 110 Top: Verb:are,TN: 110 Top: Verb:are,TN: 110 Top: Verb:are
131,TN: 113 Top: Verb:waiting,TN: 110 Top: Verb:waiting,TN: 108 Top: Verb:waiting,TN: 111 Top: Verb:waiting,TN: 111 Top: Verb:waiting,TN: 111 Top: Verb:waiting,TN: 111 Top: Verb:waiting
132,FP: 2 Top:X Verb:ends,TN: 111 Top: Verb:ends,TN: 109 Top: Verb:ends,TN: 112 Top: Verb:ends,TN: 112 Top: Verb:ends,TN: 112 Top: Verb:ends,TN: 112 Top: Verb:ends
133,FN: 16 Top: Verb:starts,FN: 16 Top: Verb:starts,TP: 5 Top:X Verb:starts,TP: 5 Top:X Verb:starts,TP: 5 Top:X Verb:starts,FN: 10 Top: Verb:starts,TP: 9 Top:X Verb:starts
134,TN: 114 Top: Verb:reserved,TN: 112 Top: Verb:reserved,TN: 110 Top: Verb:reserved,TN: 113 Top: Verb:reserved,TN: 113 Top: Verb:reserved,TN: 113 Top: Verb:reserved,TN: 113 Top: Verb:reserved
135,TN: 115 Top: Verb:©,TN: 113 Top: Verb:©,TN: 111 Top: Verb:©,TN: 114 Top: Verb:©,TN: 114 Top: Verb:©,TN: 114 Top: Verb:©,TN: 114 Top: Verb:©
136,TN: 116 Top: Verb:media,TN: 114 Top: Verb:media,TN: 112 Top: Verb:media,TN: 115 Top: Verb:media,TN: 115 Top: Verb:media,TN: 115 Top: Verb:media,TN: 115 Top: Verb:media
137,TN: 117 Top: Verb:|,TN: 115 Top: Verb:|,TN: 113 Top: Verb:|,TN: 116 Top: Verb:|,TN: 116 Top: Verb:|,TN: 116 Top: Verb:|,TN: 116 Top: Verb:|
138,TN: 118 Top: Verb:avenue,TN: 116 Top: Verb:avenue,TN: 114 Top: Verb:avenue,TN: 117 Top: Verb:avenue,TN: 117 Top: Verb:avenue,TN: 117 Top: Verb:avenue,TN: 117 Top: Verb:avenue
139,TN: 119 Top: Verb:intended,TN: 117 Top: Verb:intended,TN: 115 Top: Verb:intended,TN: 118 Top: Verb:intended,TN: 118 Top: Verb:intended,TN: 118 Top: Verb:intended,TN: 118 Top: Verb:intended
140,TN: 120 Top: Verb:was,TN: 118 Top: Verb:was,TN: 116 Top: Verb:was,TN: 119 Top: Verb:was,TN: 119 Top: Verb:was,TN: 119 Top: Verb:was,TN: 119 Top: Verb:was
141,TN: 121 Top: Verb:policy,TN: 119 Top: Verb:policy,TN: 117 Top: Verb:policy,TN: 120 Top: Verb:policy,TN: 120 Top: Verb:policy,TN: 120 Top: Verb:policy,TN: 120 Top: Verb:policy
142,TN: 122 Top: Verb:|,TN: 120 Top: Verb:|,TN: 118 Top: Verb:|,TN: 121 Top: Verb:|,TN: 121 Top: Verb:|,TN: 121 Top: Verb:|,TN: 121 Top: Verb:|
143,FN: 17 Top: Verb:unsubscribe,FN: 17 Top: Verb:unsubscribe,FN: 14 Top: Verb:unsubscribe,FN: 14 Top: Verb:unsubscribe,FN: 14 Top: Verb:unsubscribe,FN: 11 Top: Verb:unsubscribe,FN: 10 Top: Verb:unsubscribe
144,FN: 18 Top: Verb:view,TP: 3 Top:X Verb:view,TP: 6 Top:X Verb:view,TP: 6 Top:X Verb:view,TP: 6 Top:X Verb:view,TP: 9 Top:X Verb:view,TP: 10 Top:X Verb:view
145,TN: 123 Top: Verb:receive,TN: 121 Top: Verb:receive,FP: 7 Top:X Verb:receive,FP: 4 Top:X Verb:receive,FP: 4 Top:X Verb:receive,FP: 4 Top:X Verb:receive,FP: 4 Top:X Verb:receive
146,TN: 124 Top: Verb:is,TN: 122 Top: Verb:is,TN: 119 Top: Verb:is,TN: 122 Top: Verb:is,TN: 122 Top: Verb:is,TN: 122 Top: Verb:is,TN: 122 Top: Verb:is
147,FP: 3 Top:X Verb:done,TN: 123 Top: Verb:done,TN: 120 Top: Verb:done,TN: 123 Top: Verb:done,TN: 123 Top: Verb:done,TN: 123 Top: Verb:done,TN: 123 Top: Verb:done
148,TN: 125 Top: Verb:assured,TN: 124 Top: Verb:assured,TN: 121 Top: Verb:assured,TN: 124 Top: Verb:assured,TN: 124 Top: Verb:assured,TN: 124 Top: Verb:assured,TN: 124 Top: Verb:assured
149,TN: 126 Top: Verb:help,TN: 125 Top: Verb:help,FP: 8 Top:X Verb:help,FP: 5 Top:X Verb:help,FP: 5 Top:X Verb:help,FP: 5 Top:X Verb:help,FP: 5 Top:X Verb:help
150,TN: 127 Top: Verb:are,TN: 126 Top: Verb:are,TN: 122 Top: Verb:are,TN: 125 Top: Verb:are,TN: 125 Top: Verb:are,TN: 125 Top: Verb:are,TN: 125 Top: Verb:are
151,TN: 128 Top: Verb:free,TN: 127 Top: Verb:free,TN: 123 Top: Verb:free,TN: 126 Top: Verb:free,TN: 126 Top: Verb:free,TN: 126 Top: Verb:free,TN: 126 Top: Verb:free
152,FN: 19 Top: Verb:write,FN: 18 Top: Verb:write,FN: 15 Top: Verb:write,FN: 15 Top: Verb:write,FN: 15 Top: Verb:write,FN: 12 Top: Verb:write,FN: 11 Top: Verb:write
153,TN: 129 Top: Verb:filing,TN: 128 Top: Verb:filing,TN: 124 Top: Verb:filing,TN: 127 Top: Verb:filing,TN: 127 Top: Verb:filing,TN: 127 Top: Verb:filing,TN: 127 Top: Verb:filing
154,TN: 130 Top: Verb:sarah,TN: 129 Top: Verb:sarah,TN: 125 Top: Verb:sarah,TN: 128 Top: Verb:sarah,TN: 128 Top: Verb:sarah,TN: 128 Top: Verb:sarah,TN: 128 Top: Verb:sarah
155,FN: 20 Top: Verb:send,TP: 4 Top:X Verb:send,TP: 7 Top:X Verb:send,TP: 7 Top:X Verb:send,TP: 7 Top:X Verb:send,TP: 10 Top:X Verb:send,TP: 11 Top:X Verb:send
156,TN: 131 Top: Verb:get,TN: 130 Top: Verb:get,TN: 126 Top: Verb:get,TN: 129 Top: Verb:get,TN: 129 Top: Verb:get,TN: 129 Top: Verb:get,TN: 129 Top: Verb:get
157,TN: 132 Top: Verb:regards,TN: 131 Top: Verb:regards,TN: 127 Top: Verb:regards,TN: 130 Top: Verb:regards,TN: 130 Top: Verb:regards,TN: 130 Top: Verb:regards,TN: 130 Top: Verb:regards
158,TN: 133 Top: Verb:linden,TN: 132 Top: Verb:linden,TN: 128 Top: Verb:linden,TN: 131 Top: Verb:linden,TN: 131 Top: Verb:linden,TN: 131 Top: Verb:linden,TN: 131 Top: Verb:linden
159,TN: 134 Top: Verb:johnson,TN: 133 Top: Verb:johnson,TN: 129 Top: Verb:johnson,TN: 132 Top: Verb:johnson,TN: 132 Top: Verb:johnson,TN: 132 Top: Verb:johnson,TN: 132 Top: Verb:johnson
160,TN: 135 Top: Verb:invitation,TN: 134 Top: Verb:invitation,TN: 130 Top: Verb:invitation,TN: 133 Top: Verb:invitation,TN: 133 Top: Verb:invitation,TN: 133 Top: Verb:invitation,TN: 133 Top: Verb:invitation
161,TN: 136 Top: Verb:held,TN: 135 Top: Verb:held,TN: 131 Top: Verb:held,TN: 134 Top: Verb:held,TN: 134 Top: Verb:held,TN: 134 Top: Verb:held,TN: 134 Top: Verb:held
162,TN: 137 Top: Verb:be,TN: 136 Top: Verb:be,TN: 132 Top: Verb:be,TN: 135 Top: Verb:be,TN: 135 Top: Verb:be,TN: 135 Top: Verb:be,TN: 135 Top: Verb:be
163,TN: 138 Top: Verb:organized,TN: 137 Top: Verb:organized,TN: 133 Top: Verb:organized,TN: 136 Top: Verb:organized,TN: 136 Top: Verb:organized,TN: 136 Top: Verb:organized,TN: 136 Top: Verb:organized
164,TN: 139 Top: Verb:is,TN: 138 Top: Verb:is,TN: 134 Top: Verb:is,TN: 137 Top: Verb:is,TN: 137 Top: Verb:is,TN: 137 Top: Verb:is,TN: 137 Top: Verb:is
165,TN: 140 Top: Verb:supported,TN: 139 Top: Verb:supported,TN: 135 Top: Verb:supported,TN: 138 Top: Verb:supported,TN: 138 Top: Verb:supported,TN: 138 Top: Verb:supported,TN: 138 Top: Verb:supported
166,FP: 4 Top:X Verb:take,TN: 140 Top: Verb:take,TN: 136 Top: Verb:take,TN: 139 Top: Verb:take,TN: 139 Top: Verb:take,TN: 139 Top: Verb:take,TN: 139 Top: Verb:take
167,TN: 141 Top: Verb:own,TN: 141 Top: Verb:own,TN: 137 Top: Verb:own,TN: 140 Top: Verb:own,TN: 140 Top: Verb:own,TN: 140 Top: Verb:own,TN: 140 Top: Verb:own
168,TN: 142 Top: Verb:invite,TN: 142 Top: Verb:invite,TN: 138 Top: Verb:invite,TN: 141 Top: Verb:invite,TN: 141 Top: Verb:invite,TN: 141 Top: Verb:invite,TN: 141 Top: Verb:invite
169,TN: 143 Top: Verb:organizing,TN: 143 Top: Verb:organizing,TN: 139 Top: Verb:organizing,TN: 142 Top: Verb:organizing,TN: 142 Top: Verb:organizing,TN: 142 Top: Verb:organizing,TN: 142 Top: Verb:organizing
170,FN: 21 Top: Verb:join,FN: 19 Top: Verb:join,FN: 16 Top: Verb:join,FN: 16 Top: Verb:join,FN: 16 Top: Verb:join,FN: 13 Top: Verb:join,FN: 12 Top: Verb:join
171,TN: 144 Top: Verb:elements,TN: 144 Top: Verb:elements,TN: 140 Top: Verb:elements,TN: 143 Top: Verb:elements,TN: 143 Top: Verb:elements,TN: 143 Top: Verb:elements,TN: 143 Top: Verb:elements
172,TN: 145 Top: Verb:are,TN: 145 Top: Verb:are,TN: 141 Top: Verb:are,TN: 144 Top: Verb:are,TN: 144 Top: Verb:are,TN: 144 Top: Verb:are,TN: 144 Top: Verb:are
173,TN: 146 Top: Verb:enjoy,TN: 146 Top: Verb:enjoy,TN: 142 Top: Verb:enjoy,TN: 145 Top: Verb:enjoy,TN: 145 Top: Verb:enjoy,TN: 145 Top: Verb:enjoy,TN: 145 Top: Verb:enjoy
174,TN: 147 Top: Verb:joining,TN: 147 Top: Verb:joining,TN: 143 Top: Verb:joining,TN: 146 Top: Verb:joining,TN: 146 Top: Verb:joining,TN: 146 Top: Verb:joining,TN: 146 Top: Verb:joining
175,TN: 148 Top: Verb:networking,TN: 148 Top: Verb:networking,TN: 144 Top: Verb:networking,TN: 147 Top: Verb:networking,TN: 147 Top: Verb:networking,TN: 147 Top: Verb:networking,TN: 147 Top: Verb:networking
176,TN: 149 Top: Verb:get,TN: 149 Top: Verb:get,TN: 145 Top: Verb:get,TN: 148 Top: Verb:get,TN: 148 Top: Verb:get,TN: 148 Top: Verb:get,TN: 148 Top: Verb:get
177,TN: 150 Top: Verb:value,TN: 150 Top: Verb:value,TN: 146 Top: Verb:value,TN: 149 Top: Verb:value,TN: 149 Top: Verb:value,TN: 149 Top: Verb:value,TN: 149 Top: Verb:value
178,TN: 151 Top: Verb:joining,TN: 151 Top: Verb:joining,TN: 147 Top: Verb:joining,TN: 150 Top: Verb:joining,TN: 150 Top: Verb:joining,TN: 150 Top: Verb:joining,TN: 150 Top: Verb:joining
179,TN: 152 Top: Verb:shape,TN: 152 Top: Verb:shape,TN: 148 Top: Verb:shape,TN: 151 Top: Verb:shape,TN: 151 Top: Verb:shape,TN: 151 Top: Verb:shape,TN: 151 Top: Verb:shape
180,TN: 153 Top: Verb:contribute,TN: 153 Top: Verb:contribute,TN: 149 Top: Verb:contribute,TN: 152 Top: Verb:contribute,TN: 152 Top: Verb:contribute,TN: 152 Top: Verb:contribute,TN: 152 Top: Verb:contribute
181,TN: 154 Top: Verb:enjoy,TN: 154 Top: Verb:enjoy,TN: 150 Top: Verb:enjoy,TN: 153 Top: Verb:enjoy,TN: 153 Top: Verb:enjoy,TN: 153 Top: Verb:enjoy,TN: 153 Top: Verb:enjoy
182,TN: 155 Top: Verb:offer,FP: 5 Top:X Verb:offer,TN: 151 Top: Verb:offer,TN: 154 Top: Verb:offer,TN: 154 Top: Verb:offer,TN: 154 Top: Verb:offer,TN: 154 Top: Verb:offer
183,TN: 156 Top: Verb:1,TN: 155 Top: Verb:1,TN: 152 Top: Verb:1,TN: 155 Top: Verb:1,TN: 155 Top: Verb:1,TN: 155 Top: Verb:1,TN: 155 Top: Verb:1
184,FN: 22 Top: Verb:join,FN: 20 Top: Verb:join,FN: 17 Top: Verb:join,FN: 17 Top: Verb:join,FN: 17 Top: Verb:join,FN: 14 Top: Verb:join,FN: 13 Top: Verb:join
185,TN: 157 Top: Verb:asses,TN: 156 Top: Verb:asses,TN: 153 Top: Verb:asses,TN: 156 Top: Verb:asses,TN: 156 Top: Verb:asses,TN: 156 Top: Verb:asses,TN: 156 Top: Verb:asses
186,TN: 158 Top: Verb:2,TN: 157 Top: Verb:2,TN: 154 Top: Verb:2,TN: 157 Top: Verb:2,TN: 157 Top: Verb:2,TN: 157 Top: Verb:2,TN: 157 Top: Verb:2
187,TN: 159 Top: Verb:usd,TN: 158 Top: Verb:usd,TN: 155 Top: Verb:usd,TN: 158 Top: Verb:usd,TN: 158 Top: Verb:usd,TN: 158 Top: Verb:usd,TN: 158 Top: Verb:usd
188,TN: 160 Top: Verb:3,TN: 159 Top: Verb:3,TN: 156 Top: Verb:3,TN: 159 Top: Verb:3,TN: 159 Top: Verb:3,TN: 159 Top: Verb:3,TN: 159 Top: Verb:3
189,TN: 161 Top: Verb:offered,TN: 160 Top: Verb:offered,TN: 157 Top: Verb:offered,TN: 160 Top: Verb:offered,TN: 160 Top: Verb:offered,TN: 160 Top: Verb:offered,TN: 160 Top: Verb:offered
190,TN: 162 Top: Verb:4,TN: 161 Top: Verb:4,TN: 158 Top: Verb:4,TN: 161 Top: Verb:4,TN: 161 Top: Verb:4,TN: 161 Top: Verb:4,TN: 161 Top: Verb:4
191,TN: 163 Top: Verb:certificate,TN: 162 Top: Verb:certificate,TN: 159 Top: Verb:certificate,TN: 162 Top: Verb:certificate,TN: 162 Top: Verb:certificate,TN: 162 Top: Verb:certificate,TN: 162 Top: Verb:certificate
192,TN: 164 Top: Verb:materials,TN: 163 Top: Verb:materials,TN: 160 Top: Verb:materials,TN: 163 Top: Verb:materials,TN: 163 Top: Verb:materials,TN: 163 Top: Verb:materials,TN: 163 Top: Verb:materials
193,TN: 165 Top: Verb:5,TN: 164 Top: Verb:5,TN: 161 Top: Verb:5,TN: 164 Top: Verb:5,TN: 164 Top: Verb:5,TN: 164 Top: Verb:5,TN: 164 Top: Verb:5
194,FN: 23 Top: Verb:open,FN: 21 Top: Verb:open,FN: 18 Top: Verb:open,FN: 18 Top: Verb:open,FN: 18 Top: Verb:open,FN: 15 Top: Verb:open,TP: 12 Top:X Verb:open
195,TN: 166 Top: Verb:6,TN: 165 Top: Verb:6,TN: 162 Top: Verb:6,TN: 165 Top: Verb:6,TN: 165 Top: Verb:6,TN: 165 Top: Verb:6,TN: 165 Top: Verb:6
196,TN: 167 Top: Verb:reception,TN: 166 Top: Verb:reception,TN: 163 Top: Verb:reception,TN: 166 Top: Verb:reception,TN: 166 Top: Verb:reception,TN: 166 Top: Verb:reception,TN: 166 Top: Verb:reception
197,TN: 168 Top: Verb:services,TN: 167 Top: Verb:services,TN: 164 Top: Verb:services,TN: 167 Top: Verb:services,TN: 167 Top: Verb:services,TN: 167 Top: Verb:services,TN: 167 Top: Verb:services
198,TN: 169 Top: Verb:7,TN: 168 Top: Verb:7,TN: 165 Top: Verb:7,TN: 168 Top: Verb:7,TN: 168 Top: Verb:7,TN: 168 Top: Verb:7,TN: 168 Top: Verb:7
199,TN: 170 Top: Verb:promote,TN: 169 Top: Verb:promote,TN: 166 Top: Verb:promote,TN: 169 Top: Verb:promote,TN: 169 Top: Verb:promote,TN: 169 Top: Verb:promote,TN: 169 Top: Verb:promote
200,TN: 171 Top: Verb:website,TN: 170 Top: Verb:website,TN: 167 Top: Verb:website,TN: 170 Top: Verb:website,TN: 170 Top: Verb:website,TN: 170 Top: Verb:website,TN: 170 Top: Verb:website
201,TN: 172 Top: Verb:venue,TN: 171 Top: Verb:venue,TN: 168 Top: Verb:venue,TN: 171 Top: Verb:venue,TN: 171 Top: Verb:venue,TN: 171 Top: Verb:venue,TN: 171 Top: Verb:venue
202,FN: 24 Top: Verb:confirm,FN: 22 Top: Verb:confirm,TP: 8 Top:X Verb:confirm,TP: 8 Top:X Verb:confirm,TP: 8 Top:X Verb:confirm,TP: 11 Top:X Verb:confirm,FN: 14 Top: Verb:confirm
203,FN: 25 Top: Verb:send,TP: 5 Top:X Verb:send,TP: 9 Top:X Verb:send,TP: 9 Top:X Verb:send,TP: 9 Top:X Verb:send,TP: 12 Top:X Verb:send,TP: 13 Top:X Verb:send
204,TN: 173 Top: Verb:agree,TN: 172 Top: Verb:agree,TN: 169 Top: Verb:agree,TN: 172 Top: Verb:agree,TN: 172 Top: Verb:agree,TN: 172 Top: Verb:agree,TN: 172 Top: Verb:agree
205,TN: 174 Top: Verb:join,TN: 173 Top: Verb:join,TN: 170 Top: Verb:join,TN: 173 Top: Verb:join,TN: 173 Top: Verb:join,TN: 173 Top: Verb:join,TN: 173 Top: Verb:join
206,TN: 175 Top: Verb:please,TN: 174 Top: Verb:please,TN: 171 Top: Verb:please,TN: 174 Top: Verb:please,TN: 174 Top: Verb:please,TN: 174 Top: Verb:please,TN: 174 Top: Verb:please
207,TN: 176 Top: Verb:resume,TN: 175 Top: Verb:resume,TN: 172 Top: Verb:resume,TN: 175 Top: Verb:resume,TN: 175 Top: Verb:resume,TN: 175 Top: Verb:resume,TN: 175 Top: Verb:resume
208,TN: 177 Top: Verb:thank,TN: 176 Top: Verb:thank,TN: 173 Top: Verb:thank,TN: 176 Top: Verb:thank,TN: 176 Top: Verb:thank,TN: 176 Top: Verb:thank,TN: 176 Top: Verb:thank
209,TN: 178 Top: Verb:considering,TN: 177 Top: Verb:considering,TN: 174 Top: Verb:considering,TN: 177 Top: Verb:considering,TN: 177 Top: Verb:considering,TN: 177 Top: Verb:considering,TN: 177 Top: Verb:considering
210,FN: 26 Top: Verb:reached,FN: 23 Top: Verb:reached,FN: 19 Top: Verb:reached,FN: 19 Top: Verb:reached,FN: 19 Top: Verb:reached,FN: 16 Top: Verb:reached,FN: 15 Top: Verb:reached
211,TN: 179 Top: Verb:have,TN: 178 Top: Verb:have,TN: 175 Top: Verb:have,TN: 178 Top: Verb:have,TN: 178 Top: Verb:have,TN: 178 Top: Verb:have,TN: 178 Top: Verb:have
212,TN: 180 Top: Verb:be,TN: 179 Top: Verb:be,TN: 176 Top: Verb:be,TN: 179 Top: Verb:be,TN: 179 Top: Verb:be,TN: 179 Top: Verb:be,TN: 179 Top: Verb:be
213,TN: 181 Top: Verb:looking,TN: 180 Top: Verb:looking,TN: 177 Top: Verb:looking,TN: 180 Top: Verb:looking,TN: 180 Top: Verb:looking,TN: 180 Top: Verb:looking,TN: 180 Top: Verb:looking
214,TN: 182 Top: Verb:regards,TN: 181 Top: Verb:regards,TN: 178 Top: Verb:regards,TN: 181 Top: Verb:regards,TN: 181 Top: Verb:regards,TN: 181 Top: Verb:regards,TN: 181 Top: Verb:regards
215,TN: 183 Top: Verb:--,TN: 182 Top: Verb:--,TN: 179 Top: Verb:--,TN: 182 Top: Verb:--,TN: 182 Top: Verb:--,TN: 182 Top: Verb:--,TN: 182 Top: Verb:--
216,TN: 184 Top: Verb:sincerely,TN: 183 Top: Verb:sincerely,TN: 180 Top: Verb:sincerely,TN: 183 Top: Verb:sincerely,TN: 183 Top: Verb:sincerely,TN: 183 Top: Verb:sincerely,TN: 183 Top: Verb:sincerely
217,TN: 185 Top: Verb:teller,TN: 184 Top: Verb:teller,TN: 181 Top: Verb:teller,TN: 184 Top: Verb:teller,TN: 184 Top: Verb:teller,TN: 184 Top: Verb:teller,TN: 184 Top: Verb:teller
218,TN: 186 Top: Verb:conference,TN: 185 Top: Verb:conference,TN: 182 Top: Verb:conference,TN: 185 Top: Verb:conference,TN: 185 Top: Verb:conference,TN: 185 Top: Verb:conference,TN: 185 Top: Verb:conference
219,TN: 187 Top: Verb:www.IntSciEng.org,TN: 186 Top: Verb:www.IntSciEng.org,TN: 183 Top: Verb:www.IntSciEng.org,TN: 186 Top: Verb:www.IntSciEng.org,TN: 186 Top: Verb:www.IntSciEng.org,TN: 186 Top: Verb:www.IntSciEng.org,TN: 186 Top: Verb:www.IntSciEng.org
220,TN: 188 Top: Verb:flat/rm,TN: 187 Top: Verb:flat/rm,TN: 184 Top: Verb:flat/rm,TN: 187 Top: Verb:flat/rm,TN: 187 Top: Verb:flat/rm,TN: 187 Top: Verb:flat/rm,TN: 187 Top: Verb:flat/rm
221,TN: 189 Top: Verb:email,TN: 188 Top: Verb:email,TN: 185 Top: Verb:email,TN: 188 Top: Verb:email,TN: 188 Top: Verb:email,TN: 188 Top: Verb:email,TN: 188 Top: Verb:email
222,TN: 189 Top: Verb:confcommittee@IntSciEng.org,TN: 189 Top: Verb:confcommittee@IntSciEng.org,TN: 186 Top: Verb:confcommittee@IntSciEng.org,TN: 189 Top: Verb:confcommittee@IntSciEng.org,TN: 189 Top: Verb:confcommittee@IntSciEng.org,TN: 189 Top: Verb:confcommittee@IntSciEng.org,TN: 189 Top: Verb:confcommittee@IntSciEng.org
223,TN: 191 Top: Verb:tel,TN: 190 Top: Verb:tel,TN: 187 Top: Verb:tel,TN: 190 Top: Verb:tel,TN: 190 Top: Verb:tel,TN: 190 Top: Verb:tel,TN: 190 Top: Verb:tel
224,TN: 192 Top: Verb:-4999939,TN: 191 Top: Verb:-4999939,TN: 188 Top: Verb:-4999939,TN: 191 Top: Verb:-4999939,TN: 191 Top: Verb:-4999939,TN: 191 Top: Verb:-4999939,TN: 191 Top: Verb:-4999939
225,TN: 193 Top: Verb:break,TN: 192 Top: Verb:break,TN: 189 Top: Verb:break,TN: 192 Top: Verb:break,TN: 192 Top: Verb:break,TN: 192 Top: Verb:break,TN: 192 Top: Verb:break
226,TN: 194 Top: Verb:hack,TN: 193 Top: Verb:hack,TN: 190 Top: Verb:hack,TN: 193 Top: Verb:hack,TN: 193 Top: Verb:hack,TN: 193 Top: Verb:hack,TN: 193 Top: Verb:hack
227,TN: 195 Top: Verb:checking,TN: 194 Top: Verb:checking,TN: 191 Top: Verb:checking,TN: 194 Top: Verb:checking,TN: 194 Top: Verb:checking,TN: 194 Top: Verb:checking,TN: 194 Top: Verb:checking
228,TN: 196 Top: Verb:are,TN: 195 Top: Verb:are,TN: 192 Top: Verb:are,TN: 195 Top: Verb:are,TN: 195 Top: Verb:are,TN: 195 Top: Verb:are,TN: 195 Top: Verb:are
229,FN: 27 Top: Verb:give,TP: 6 Top:X Verb:give,TP: 10 Top:X Verb:give,TP: 10 Top:X Verb:give,TP: 10 Top:X Verb:give,TP: 13 Top:X Verb:give,TP: 14 Top:X Verb:give
230,TP: 3 Top:X Verb:do,FN: 24 Top: Verb:do,FN: 20 Top: Verb:do,FN: 20 Top: Verb:do,FN: 20 Top: Verb:do,FN: 17 Top: Verb:do,FN: 16 Top: Verb:do
231,TN: 197 Top: Verb:owners,TN: 196 Top: Verb:owners,TN: 193 Top: Verb:owners,TN: 196 Top: Verb:owners,TN: 196 Top: Verb:owners,TN: 196 Top: Verb:owners,TN: 196 Top: Verb:owners
232,TN: 198 Top: Verb:therapy,TN: 197 Top: Verb:therapy,TN: 194 Top: Verb:therapy,TN: 197 Top: Verb:therapy,TN: 197 Top: Verb:therapy,TN: 197 Top: Verb:therapy,TN: 197 Top: Verb:therapy
233,TN: 199 Top: Verb:brought,FP: 6 Top:X Verb:brought,TN: 195 Top: Verb:brought,TN: 198 Top: Verb:brought,TN: 198 Top: Verb:brought,TN: 198 Top: Verb:brought,TN: 198 Top: Verb:brought
234,TN: 200 Top: Verb:is,TN: 198 Top: Verb:is,TN: 196 Top: Verb:is,TN: 199 Top: Verb:is,TN: 199 Top: Verb:is,TN: 199 Top: Verb:is,TN: 199 Top: Verb:is
235,TN: 201 Top: Verb:DogsAreFun,TN: 199 Top: Verb:DogsAreFun,TN: 197 Top: Verb:DogsAreFun,TN: 200 Top: Verb:DogsAreFun,TN: 200 Top: Verb:DogsAreFun,TN: 200 Top: Verb:DogsAreFun,TN: 200 Top: Verb:DogsAreFun
236,TN: 202 Top: Verb:august,TN: 200 Top: Verb:august,TN: 198 Top: Verb:august,TN: 201 Top: Verb:august,TN: 201 Top: Verb:august,TN: 201 Top: Verb:august,TN: 201 Top: Verb:august
237,FN: 28 Top: Verb:forward,FN: 25 Top: Verb:forward,FN: 21 Top: Verb:forward,FN: 21 Top: Verb:forward,FN: 21 Top: Verb:forward,FN: 18 Top: Verb:forward,FN: 17 Top: Verb:forward
238,TN: 203 Top: Verb:received,TN: 201 Top: Verb:received,FP: 9 Top:X Verb:received,TN: 202 Top: Verb:received,TN: 202 Top: Verb:received,TN: 202 Top: Verb:received,TN: 202 Top: Verb:received
239,TN: 204 Top: Verb:policy,TN: 202 Top: Verb:policy,TN: 199 Top: Verb:policy,TN: 203 Top: Verb:policy,TN: 203 Top: Verb:policy,TN: 203 Top: Verb:policy,TN: 203 Top: Verb:policy
240,TN: 205 Top: Verb:|,TN: 203 Top: Verb:|,TN: 200 Top: Verb:|,TN: 204 Top: Verb:|,TN: 204 Top: Verb:|,TN: 204 Top: Verb:|,TN: 204 Top: Verb:|
241,FN: 29 Top: Verb:unsubscribe,FN: 26 Top: Verb:unsubscribe,FN: 22 Top: Verb:unsubscribe,FN: 22 Top: Verb:unsubscribe,FN: 22 Top: Verb:unsubscribe,FN: 19 Top: Verb:unsubscribe,FN: 18 Top: Verb:unsubscribe
242,FN: 30 Top: Verb:view,TP: 7 Top:X Verb:view,FN: 23 Top: Verb:view,TP: 11 Top:X Verb:view,TP: 11 Top:X Verb:view,TP: 14 Top:X Verb:view,TP: 15 Top:X Verb:view
243,TN: 206 Top: Verb:reserved,TN: 204 Top: Verb:reserved,TN: 201 Top: Verb:reserved,TN: 205 Top: Verb:reserved,TN: 205 Top: Verb:reserved,TN: 205 Top: Verb:reserved,TN: 205 Top: Verb:reserved
244,TN: 207 Top: Verb:©,TN: 205 Top: Verb:©,TN: 202 Top: Verb:©,TN: 206 Top: Verb:©,TN: 206 Top: Verb:©,TN: 206 Top: Verb:©,TN: 206 Top: Verb:©
245,TN: 208 Top: Verb:media,TN: 206 Top: Verb:media,TN: 203 Top: Verb:media,TN: 207 Top: Verb:media,TN: 207 Top: Verb:media,TN: 207 Top: Verb:media,TN: 207 Top: Verb:media
246,TN: 209 Top: Verb:|,TN: 207 Top: Verb:|,TN: 204 Top: Verb:|,TN: 208 Top: Verb:|,TN: 208 Top: Verb:|,TN: 208 Top: Verb:|,TN: 208 Top: Verb:|
247,TN: 210 Top: Verb:avenue,TN: 208 Top: Verb:avenue,TN: 205 Top: Verb:avenue,TN: 209 Top: Verb:avenue,TN: 209 Top: Verb:avenue,TN: 209 Top: Verb:avenue,TN: 209 Top: Verb:avenue
248,TN: 211 Top: Verb:are,TN: 209 Top: Verb:are,TN: 206 Top: Verb:are,TN: 210 Top: Verb:are,TN: 210 Top: Verb:are,TN: 210 Top: Verb:are,TN: 210 Top: Verb:are
249,TN: 212 Top: Verb:professor,TN: 210 Top: Verb:professor,TN: 207 Top: Verb:professor,TN: 211 Top: Verb:professor,TN: 211 Top: Verb:professor,TN: 211 Top: Verb:professor,TN: 211 Top: Verb:professor
250,TN: 213 Top: Verb:dean,TN: 211 Top: Verb:dean,TN: 208 Top: Verb:dean,TN: 212 Top: Verb:dean,TN: 212 Top: Verb:dean,TN: 212 Top: Verb:dean,TN: 212 Top: Verb:dean
251,TN: 214 Top: Verb:sciences,TN: 212 Top: Verb:sciences,TN: 209 Top: Verb:sciences,TN: 213 Top: Verb:sciences,TN: 213 Top: Verb:sciences,TN: 213 Top: Verb:sciences,TN: 213 Top: Verb:sciences
252,FN: 31 Top: Verb:e-mail,FN: 27 Top: Verb:e-mail,FN: 24 Top: Verb:e-mail,FN: 23 Top: Verb:e-mail,FN: 23 Top: Verb:e-mail,FN: 20 Top: Verb:e-mail,FN: 19 Top: Verb:e-mail
253,TN: 215 Top: Verb:smith@example.com,TN: 213 Top: Verb:smith@example.com,TN: 210 Top: Verb:smith@example.com,TN: 214 Top: Verb:smith@example.com,TN: 214 Top: Verb:smith@example.com,TN: 214 Top: Verb:smith@example.com,TN: 214 Top: Verb:smith@example.com
254,FN: 32 Top: Verb:phone,FN: 28 Top: Verb:phone,FN: 25 Top: Verb:phone,FN: 24 Top: Verb:phone,FN: 24 Top: Verb:phone,FN: 21 Top: Verb:phone,FN: 20 Top: Verb:phone
255,TN: 216 Top: Verb:#NAME?,TN: 214 Top: Verb:#NAME?,TN: 211 Top: Verb:#NAME?,TN: 215 Top: Verb:#NAME?,TN: 215 Top: Verb:#NAME?,TN: 215 Top: Verb:#NAME?,TN: 215 Top: Verb:#NAME?
256,TN: 217 Top: Verb:location,TN: 215 Top: Verb:location,TN: 212 Top: Verb:location,TN: 216 Top: Verb:location,TN: 216 Top: Verb:location,TN: 216 Top: Verb:location,TN: 216 Top: Verb:location
257,TN: 218 Top: Verb:building,TN: 216 Top: Verb:building,TN: 213 Top: Verb:building,TN: 217 Top: Verb:building,TN: 217 Top: Verb:building,TN: 217 Top: Verb:building,TN: 217 Top: Verb:building
258,TN: 219 Top: Verb:limited-time,TN: 217 Top: Verb:limited-time,TN: 214 Top: Verb:limited-time,TN: 218 Top: Verb:limited-time,TN: 218 Top: Verb:limited-time,TN: 218 Top: Verb:limited-time,TN: 218 Top: Verb:limited-time
259,TN: 220 Top: Verb:starts,TN: 218 Top: Verb:starts,TN: 215 Top: Verb:starts,FP: 6 Top:X Verb:starts,FP: 6 Top:X Verb:starts,FP: 6 Top:X Verb:starts,FP: 6 Top:X Verb:starts
260,TN: 221 Top: Verb:introducing,TN: 219 Top: Verb:introducing,TN: 216 Top: Verb:introducing,TN: 219 Top: Verb:introducing,TN: 219 Top: Verb:introducing,TN: 219 Top: Verb:introducing,TN: 219 Top: Verb:introducing
261,TN: 222 Top: Verb:get,TN: 220 Top: Verb:get,TN: 217 Top: Verb:get,TN: 220 Top: Verb:get,TN: 220 Top: Verb:get,TN: 220 Top: Verb:get,TN: 220 Top: Verb:get
262,TN: 223 Top: Verb:>>,TN: 221 Top: Verb:>>,TN: 218 Top: Verb:>>,TN: 221 Top: Verb:>>,TN: 221 Top: Verb:>>,TN: 221 Top: Verb:>>,TN: 221 Top: Verb:>>
263,TN: 224 Top: Verb:apply,TN: 222 Top: Verb:apply,TN: 219 Top: Verb:apply,TN: 222 Top: Verb:apply,TN: 222 Top: Verb:apply,TN: 222 Top: Verb:apply,TN: 222 Top: Verb:apply
264,TN: 225 Top: Verb:*,TN: 223 Top: Verb:*,TN: 220 Top: Verb:*,TN: 223 Top: Verb:*,TN: 223 Top: Verb:*,TN: 223 Top: Verb:*,TN: 223 Top: Verb:*
265,TN: 226 Top: Verb:get,TN: 224 Top: Verb:get,TN: 221 Top: Verb:get,TN: 224 Top: Verb:get,TN: 224 Top: Verb:get,TN: 224 Top: Verb:get,TN: 224 Top: Verb:get
266,TN: 227 Top: Verb:powered,TN: 225 Top: Verb:powered,TN: 222 Top: Verb:powered,TN: 225 Top: Verb:powered,TN: 225 Top: Verb:powered,TN: 225 Top: Verb:powered,TN: 225 Top: Verb:powered
267,FN: 33 Top: Verb:questions,FN: 29 Top: Verb:questions,FN: 26 Top: Verb:questions,FN: 25 Top: Verb:questions,FN: 25 Top: Verb:questions,FN: 22 Top: Verb:questions,FN: 21 Top: Verb:questions
268,FN: 34 Top: Verb:play,FN: 30 Top: Verb:play,FN: 27 Top: Verb:play,FN: 26 Top: Verb:play,FN: 26 Top: Verb:play,FN: 23 Top: Verb:play,FN: 22 Top: Verb:play
269,TN: 228 Top: Verb:includes,TN: 226 Top: Verb:includes,TN: 223 Top: Verb:includes,TN: 226 Top: Verb:includes,TN: 226 Top: Verb:includes,TN: 226 Top: Verb:includes,TN: 226 Top: Verb:includes
270,TN: 229 Top: Verb:way,TN: 227 Top: Verb:way,TN: 224 Top: Verb:way,TN: 227 Top: Verb:way,TN: 227 Top: Verb:way,TN: 227 Top: Verb:way,TN: 227 Top: Verb:way
271,TN: 230 Top: Verb:are,TN: 228 Top: Verb:are,TN: 225 Top: Verb:are,TN: 228 Top: Verb:are,TN: 228 Top: Verb:are,TN: 228 Top: Verb:are,TN: 228 Top: Verb:are
272,TN: 231 Top: Verb:play,TN: 229 Top: Verb:play,TN: 226 Top: Verb:play,TN: 229 Top: Verb:play,TN: 229 Top: Verb:play,TN: 229 Top: Verb:play,TN: 229 Top: Verb:play
273,TN: 232 Top: Verb:using,TN: 230 Top: Verb:using,TN: 227 Top: Verb:using,TN: 230 Top: Verb:using,TN: 230 Top: Verb:using,TN: 230 Top: Verb:using,TN: 230 Top: Verb:using
274,TN: 233 Top: Verb:miss,TN: 231 Top: Verb:miss,TN: 228 Top: Verb:miss,TN: 231 Top: Verb:miss,TN: 231 Top: Verb:miss,TN: 231 Top: Verb:miss,TN: 231 Top: Verb:miss
275,TN: 234 Top: Verb:get,TN: 232 Top: Verb:get,TN: 229 Top: Verb:get,TN: 232 Top: Verb:get,TN: 232 Top: Verb:get,TN: 232 Top: Verb:get,TN: 232 Top: Verb:get
276,TN: 235 Top: Verb:>>,TN: 233 Top: Verb:>>,TN: 230 Top: Verb:>>,TN: 233 Top: Verb:>>,TN: 233 Top: Verb:>>,TN: 233 Top: Verb:>>,TN: 233 Top: Verb:>>
277,TN: 236 Top: Verb:restrictions,TN: 234 Top: Verb:restrictions,TN: 231 Top: Verb:restrictions,TN: 234 Top: Verb:restrictions,TN: 234 Top: Verb:restrictions,TN: 234 Top: Verb:restrictions,TN: 234 Top: Verb:restrictions
278,TN: 237 Top: Verb:*,TN: 235 Top: Verb:*,TN: 232 Top: Verb:*,TN: 235 Top: Verb:*,TN: 235 Top: Verb:*,TN: 235 Top: Verb:*,TN: 235 Top: Verb:*
279,TN: 238 Top: Verb:members,TN: 236 Top: Verb:members,TN: 233 Top: Verb:members,TN: 236 Top: Verb:members,TN: 236 Top: Verb:members,TN: 236 Top: Verb:members,TN: 236 Top: Verb:members
280,TN: 239 Top: Verb:available,TN: 237 Top: Verb:available,TN: 234 Top: Verb:available,TN: 237 Top: Verb:available,TN: 237 Top: Verb:available,TN: 237 Top: Verb:available,TN: 237 Top: Verb:available
281,FN: 35 Top: Verb:redeemed,TP: 8 Top:X Verb:redeemed,TP: 11 Top:X Verb:redeemed,FN: 27 Top: Verb:redeemed,FN: 27 Top: Verb:redeemed,FN: 24 Top: Verb:redeemed,FN: 23 Top: Verb:redeemed
282,TN: 240 Top: Verb:be,TN: 238 Top: Verb:be,TN: 235 Top: Verb:be,TN: 238 Top: Verb:be,TN: 238 Top: Verb:be,TN: 238 Top: Verb:be,TN: 238 Top: Verb:be
283,TN: 241 Top: Verb:apply,TN: 239 Top: Verb:apply,TN: 236 Top: Verb:apply,TN: 239 Top: Verb:apply,TN: 239 Top: Verb:apply,TN: 239 Top: Verb:apply,TN: 239 Top: Verb:apply
284,TN: 242 Top: Verb:was,TN: 240 Top: Verb:was,TN: 237 Top: Verb:was,TN: 240 Top: Verb:was,TN: 240 Top: Verb:was,TN: 240 Top: Verb:was,TN: 240 Top: Verb:was
285,TN: 243 Top: Verb:indicated,TN: 241 Top: Verb:indicated,TN: 238 Top: Verb:indicated,TN: 241 Top: Verb:indicated,TN: 241 Top: Verb:indicated,TN: 241 Top: Verb:indicated,TN: 241 Top: Verb:indicated
286,TN: 244 Top: Verb:are,TN: 242 Top: Verb:are,TN: 239 Top: Verb:are,TN: 242 Top: Verb:are,TN: 242 Top: Verb:are,TN: 242 Top: Verb:are,TN: 242 Top: Verb:are
287,TN: 245 Top: Verb:receive,TN: 243 Top: Verb:receive,TN: 240 Top: Verb:receive,FP: 7 Top:X Verb:receive,FP: 7 Top:X Verb:receive,FP: 7 Top:X Verb:receive,FP: 7 Top:X Verb:receive
288,TN: 246 Top: Verb:do,TN: 244 Top: Verb:do,TN: 241 Top: Verb:do,TN: 243 Top: Verb:do,TN: 243 Top: Verb:do,TN: 243 Top: Verb:do,TN: 243 Top: Verb:do
289,TN: 247 Top: Verb:wish,TN: 245 Top: Verb:wish,TN: 242 Top: Verb:wish,TN: 244 Top: Verb:wish,TN: 244 Top: Verb:wish,TN: 244 Top: Verb:wish,TN: 244 Top: Verb:wish
290,TN: 248 Top: Verb:receive,TN: 246 Top: Verb:receive,TN: 243 Top: Verb:receive,FP: 8 Top:X Verb:receive,FP: 8 Top:X Verb:receive,FP: 8 Top:X Verb:receive,FP: 8 Top:X Verb:receive
291,FN: 36 Top: Verb:change,FN: 31 Top: Verb:change,FN: 28 Top: Verb:change,FN: 28 Top: Verb:change,FN: 28 Top: Verb:change,FN: 25 Top: Verb:change,FN: 24 Top: Verb:change
292,FN: 37 Top: Verb:visiting,FN: 32 Top: Verb:visiting,TP: 12 Top:X Verb:visiting,FN: 29 Top: Verb:visiting,FN: 29 Top: Verb:visiting,FN: 26 Top: Verb:visiting,FN: 25 Top: Verb:visiting
293,TN: 249 Top: Verb:hi,TN: 247 Top: Verb:hi,TN: 244 Top: Verb:hi,TN: 245 Top: Verb:hi,TN: 245 Top: Verb:hi,TN: 245 Top: Verb:hi,TN: 245 Top: Verb:hi
294,TN: 250 Top: Verb:hope,TN: 248 Top: Verb:hope,TN: 245 Top: Verb:hope,TN: 246 Top: Verb:hope,TN: 246 Top: Verb:hope,TN: 246 Top: Verb:hope,TN: 246 Top: Verb:hope
295,TN: 251 Top: Verb:are,TN: 249 Top: Verb:are,TN: 246 Top: Verb:are,TN: 247 Top: Verb:are,TN: 247 Top: Verb:are,TN: 247 Top: Verb:are,TN: 247 Top: Verb:are
296,TN: 252 Top: Verb:doing,TN: 250 Top: Verb:doing,TN: 247 Top: Verb:doing,TN: 248 Top: Verb:doing,TN: 248 Top: Verb:doing,TN: 248 Top: Verb:doing,TN: 248 Top: Verb:doing
297,TN: 253 Top: Verb:writing,TN: 251 Top: Verb:writing,TN: 248 Top: Verb:writing,TN: 249 Top: Verb:writing,TN: 249 Top: Verb:writing,TN: 249 Top: Verb:writing,TN: 249 Top: Verb:writing
298,TN: 254 Top: Verb:am,TN: 252 Top: Verb:am,TN: 249 Top: Verb:am,TN: 250 Top: Verb:am,TN: 250 Top: Verb:am,TN: 250 Top: Verb:am,TN: 250 Top: Verb:am
299,FN: 38 Top: Verb:revert,FN: 33 Top: Verb:revert,FN: 29 Top: Verb:revert,FN: 30 Top: Verb:revert,FN: 30 Top: Verb:revert,FN: 27 Top: Verb:revert,FN: 26 Top: Verb:revert
300,TN: 255 Top: Verb:regards,TN: 253 Top: Verb:regards,TN: 250 Top: Verb:regards,TN: 251 Top: Verb:regards,TN: 251 Top: Verb:regards,TN: 251 Top: Verb:regards,TN: 251 Top: Verb:regards
301,TN: 256 Top: Verb:walker,TN: 254 Top: Verb:walker,TN: 251 Top: Verb:walker,TN: 252 Top: Verb:walker,TN: 252 Top: Verb:walker,TN: 252 Top: Verb:walker,TN: 252 Top: Verb:walker
302,TN: 257 Top: Verb:friend,TN: 255 Top: Verb:friend,TN: 252 Top: Verb:friend,TN: 253 Top: Verb:friend,TN: 253 Top: Verb:friend,TN: 253 Top: Verb:friend,TN: 253 Top: Verb:friend
303,TN: 258 Top: Verb:banker,TN: 256 Top: Verb:banker,TN: 253 Top: Verb:banker,TN: 254 Top: Verb:banker,TN: 254 Top: Verb:banker,TN: 254 Top: Verb:banker,TN: 254 Top: Verb:banker
304,TN: 259 Top: Verb:holding,TN: 257 Top: Verb:holding,TN: 254 Top: Verb:holding,TN: 255 Top: Verb:holding,TN: 255 Top: Verb:holding,TN: 255 Top: Verb:holding,TN: 255 Top: Verb:holding
305,TN: 260 Top: Verb:am,TN: 258 Top: Verb:am,TN: 255 Top: Verb:am,TN: 256 Top: Verb:am,TN: 256 Top: Verb:am,TN: 256 Top: Verb:am,TN: 256 Top: Verb:am
306,TN: 261 Top: Verb:have,TN: 259 Top: Verb:have,TN: 256 Top: Verb:have,TN: 257 Top: Verb:have,TN: 257 Top: Verb:have,TN: 257 Top: Verb:have,TN: 257 Top: Verb:have
307,TN: 262 Top: Verb:transferring,TN: 260 Top: Verb:transferring,TN: 257 Top: Verb:transferring,TN: 258 Top: Verb:transferring,TN: 258 Top: Verb:transferring,TN: 258 Top: Verb:transferring,TN: 258 Top: Verb:transferring
308,TN: 263 Top: Verb:abandon,TN: 261 Top: Verb:abandon,TN: 258 Top: Verb:abandon,TN: 259 Top: Verb:abandon,TN: 259 Top: Verb:abandon,TN: 259 Top: Verb:abandon,TN: 259 Top: Verb:abandon
309,TN: 264 Top: Verb:died,TN: 262 Top: Verb:died,TN: 259 Top: Verb:died,TN: 260 Top: Verb:died,TN: 260 Top: Verb:died,TN: 260 Top: Verb:died,TN: 260 Top: Verb:died
310,TN: 265 Top: Verb:got,TN: 263 Top: Verb:got,TN: 260 Top: Verb:got,TN: 261 Top: Verb:got,TN: 261 Top: Verb:got,TN: 261 Top: Verb:got,TN: 261 Top: Verb:got
311,TN: 266 Top: Verb:have,TN: 264 Top: Verb:have,TN: 261 Top: Verb:have,TN: 262 Top: Verb:have,TN: 262 Top: Verb:have,TN: 262 Top: Verb:have,TN: 262 Top: Verb:have
312,TN: 267 Top: Verb:been,TN: 265 Top: Verb:been,TN: 262 Top: Verb:been,TN: 263 Top: Verb:been,TN: 263 Top: Verb:been,TN: 263 Top: Verb:been,TN: 263 Top: Verb:been
313,TN: 268 Top: Verb:come,TN: 266 Top: Verb:come,TN: 263 Top: Verb:come,TN: 264 Top: Verb:come,TN: 264 Top: Verb:come,TN: 264 Top: Verb:come,TN: 264 Top: Verb:come
314,TN: 269 Top: Verb:claim,TN: 267 Top: Verb:claim,TN: 264 Top: Verb:claim,TN: 265 Top: Verb:claim,TN: 265 Top: Verb:claim,TN: 265 Top: Verb:claim,TN: 265 Top: Verb:claim
315,TN: 270 Top: Verb:release,TN: 268 Top: Verb:release,TN: 265 Top: Verb:release,TN: 266 Top: Verb:release,TN: 266 Top: Verb:release,TN: 266 Top: Verb:release,TN: 266 Top: Verb:release
316,TN: 271 Top: Verb:applies,TN: 269 Top: Verb:applies,TN: 266 Top: Verb:applies,TN: 267 Top: Verb:applies,TN: 267 Top: Verb:applies,TN: 267 Top: Verb:applies,TN: 267 Top: Verb:applies
317,TN: 272 Top: Verb:deceased,TN: 270 Top: Verb:deceased,TN: 267 Top: Verb:deceased,TN: 268 Top: Verb:deceased,TN: 268 Top: Verb:deceased,TN: 268 Top: Verb:deceased,TN: 268 Top: Verb:deceased
318,TN: 273 Top: Verb:indicated,TN: 271 Top: Verb:indicated,TN: 268 Top: Verb:indicated,TN: 269 Top: Verb:indicated,TN: 269 Top: Verb:indicated,TN: 269 Top: Verb:indicated,TN: 269 Top: Verb:indicated
319,TN: 274 Top: Verb:learnt,TN: 272 Top: Verb:learnt,TN: 269 Top: Verb:learnt,TN: 270 Top: Verb:learnt,TN: 270 Top: Verb:learnt,TN: 270 Top: Verb:learnt,TN: 270 Top: Verb:learnt
320,TN: 275 Top: Verb:supposed,TN: 273 Top: Verb:supposed,TN: 270 Top: Verb:supposed,TN: 271 Top: Verb:supposed,TN: 271 Top: Verb:supposed,TN: 271 Top: Verb:supposed,TN: 271 Top: Verb:supposed
321,TN: 276 Top: Verb:died,TN: 274 Top: Verb:died,TN: 271 Top: Verb:died,TN: 272 Top: Verb:died,TN: 272 Top: Verb:died,TN: 272 Top: Verb:died,TN: 272 Top: Verb:died
322,TN: 277 Top: Verb:leaving,TN: 275 Top: Verb:leaving,TN: 272 Top: Verb:leaving,TN: 273 Top: Verb:leaving,TN: 273 Top: Verb:leaving,TN: 273 Top: Verb:leaving,TN: 273 Top: Verb:leaving
323,TN: 278 Top: Verb:transferred,TN: 276 Top: Verb:transferred,TN: 273 Top: Verb:transferred,TN: 274 Top: Verb:transferred,TN: 274 Top: Verb:transferred,TN: 274 Top: Verb:transferred,TN: 274 Top: Verb:transferred
324,TN: 279 Top: Verb:remained,TN: 277 Top: Verb:remained,TN: 274 Top: Verb:remained,TN: 275 Top: Verb:remained,TN: 275 Top: Verb:remained,TN: 275 Top: Verb:remained,TN: 275 Top: Verb:remained
325,TN: 280 Top: Verb:be,TN: 278 Top: Verb:be,TN: 275 Top: Verb:be,TN: 276 Top: Verb:be,TN: 276 Top: Verb:be,TN: 276 Top: Verb:be,TN: 276 Top: Verb:be
326,TN: 281 Top: Verb:agree,TN: 279 Top: Verb:agree,TN: 276 Top: Verb:agree,TN: 277 Top: Verb:agree,TN: 277 Top: Verb:agree,TN: 277 Top: Verb:agree,TN: 277 Top: Verb:agree
327,TN: 282 Top: Verb:you,TN: 280 Top: Verb:you,TN: 277 Top: Verb:you,TN: 278 Top: Verb:you,TN: 278 Top: Verb:you,TN: 278 Top: Verb:you,TN: 278 Top: Verb:you
328,TN: 283 Top: Verb:be,TN: 281 Top: Verb:be,TN: 278 Top: Verb:be,TN: 279 Top: Verb:be,TN: 279 Top: Verb:be,TN: 279 Top: Verb:be,TN: 279 Top: Verb:be
329,TN: 284 Top: Verb:be,TN: 282 Top: Verb:be,TN: 279 Top: Verb:be,TN: 280 Top: Verb:be,TN: 280 Top: Verb:be,TN: 280 Top: Verb:be,TN: 280 Top: Verb:be
330,TN: 285 Top: Verb:there,TN: 283 Top: Verb:there,TN: 280 Top: Verb:there,TN: 281 Top: Verb:there,TN: 281 Top: Verb:there,TN: 281 Top: Verb:there,TN: 281 Top: Verb:there
331,TN: 286 Top: Verb:visit,TN: 284 Top: Verb:visit,TN: 281 Top: Verb:visit,TN: 282 Top: Verb:visit,TN: 282 Top: Verb:visit,TN: 282 Top: Verb:visit,TN: 282 Top: Verb:visit
332,TN: 287 Top: Verb:according,TN: 285 Top: Verb:according,TN: 282 Top: Verb:according,TN: 283 Top: Verb:according,TN: 283 Top: Verb:according,TN: 283 Top: Verb:according,TN: 283 Top: Verb:according
333,TN: 288 Top: Verb:indicated,TN: 286 Top: Verb:indicated,TN: 283 Top: Verb:indicated,TN: 284 Top: Verb:indicated,TN: 284 Top: Verb:indicated,TN: 284 Top: Verb:indicated,TN: 284 Top: Verb:indicated
334,FN: 39 Top: Verb:apply,FN: 34 Top: Verb:apply,FN: 30 Top: Verb:apply,FN: 31 Top: Verb:apply,FN: 31 Top: Verb:apply,FN: 28 Top: Verb:apply,FN: 27 Top: Verb:apply
335,TN: 289 Top: Verb:enable,TN: 287 Top: Verb:enable,TN: 284 Top: Verb:enable,TN: 285 Top: Verb:enable,TN: 285 Top: Verb:enable,TN: 285 Top: Verb:enable,TN: 285 Top: Verb:enable
336,TN: 290 Top: Verb:arranged,TN: 288 Top: Verb:arranged,TN: 285 Top: Verb:arranged,TN: 286 Top: Verb:arranged,TN: 286 Top: Verb:arranged,TN: 286 Top: Verb:arranged,TN: 286 Top: Verb:arranged
337,FN: 40 Top: Verb:indicating,FN: 35 Top: Verb:indicating,FN: 31 Top: Verb:indicating,FN: 32 Top: Verb:indicating,FN: 32 Top: Verb:indicating,FN: 29 Top: Verb:indicating,FN: 28 Top: Verb:indicating
338,TN: 291 Top: Verb:be,TN: 289 Top: Verb:be,TN: 286 Top: Verb:be,TN: 287 Top: Verb:be,TN: 287 Top: Verb:be,TN: 287 Top: Verb:be,TN: 287 Top: Verb:be
339,FP: 5 Top:X Verb:remitted,TN: 290 Top: Verb:remitted,TN: 287 Top: Verb:remitted,TN: 288 Top: Verb:remitted,TN: 288 Top: Verb:remitted,TN: 288 Top: Verb:remitted,TN: 288 Top: Verb:remitted
340,TN: 292 Top: Verb:send,TN: 291 Top: Verb:send,TN: 288 Top: Verb:send,TN: 289 Top: Verb:send,TN: 289 Top: Verb:send,TN: 289 Top: Verb:send,TN: 289 Top: Verb:send
341,TN: 293 Top: Verb:email,TN: 292 Top: Verb:email,TN: 289 Top: Verb:email,TN: 290 Top: Verb:email,TN: 290 Top: Verb:email,TN: 290 Top: Verb:email,TN: 290 Top: Verb:email
342,TN: 294 Top: Verb:bring,FP: 7 Top:X Verb:bring,FP: 10 Top:X Verb:bring,FP: 9 Top:X Verb:bring,FP: 9 Top:X Verb:bring,TN: 291 Top: Verb:bring,TN: 291 Top: Verb:bring
343,TN: 295 Top: Verb:is,TN: 293 Top: Verb:is,TN: 290 Top: Verb:is,TN: 291 Top: Verb:is,TN: 291 Top: Verb:is,TN: 292 Top: Verb:is,TN: 292 Top: Verb:is
344,TN: 296 Top: Verb:entertain,TN: 294 Top: Verb:entertain,TN: 291 Top: Verb:entertain,TN: 292 Top: Verb:entertain,TN: 292 Top: Verb:entertain,TN: 293 Top: Verb:entertain,TN: 293 Top: Verb:entertain
345,TN: 297 Top: Verb:required,TN: 295 Top: Verb:required,TN: 292 Top: Verb:required,TN: 293 Top: Verb:required,TN: 293 Top: Verb:required,TN: 294 Top: Verb:required,TN: 294 Top: Verb:required
346,TN: 298 Top: Verb:have,TN: 296 Top: Verb:have,TN: 293 Top: Verb:have,TN: 294 Top: Verb:have,TN: 294 Top: Verb:have,TN: 295 Top: Verb:have,TN: 295 Top: Verb:have
347,TN: 299 Top: Verb:been,TN: 297 Top: Verb:been,TN: 294 Top: Verb:been,TN: 295 Top: Verb:been,TN: 295 Top: Verb:been,TN: 296 Top: Verb:been,TN: 296 Top: Verb:been
348,TN: 300 Top: Verb:made,TN: 298 Top: Verb:made,TN: 295 Top: Verb:made,TN: 296 Top: Verb:made,TN: 296 Top: Verb:made,TN: 297 Top: Verb:made,TN: 297 Top: Verb:made
349,TN: 301 Top: Verb:entertain,TN: 299 Top: Verb:entertain,TN: 296 Top: Verb:entertain,TN: 297 Top: Verb:entertain,TN: 297 Top: Verb:entertain,TN: 298 Top: Verb:entertain,TN: 298 Top: Verb:entertain
350,TN: 302 Top: Verb:fail,TN: 300 Top: Verb:fail,TN: 297 Top: Verb:fail,TN: 298 Top: Verb:fail,TN: 298 Top: Verb:fail,TN: 299 Top: Verb:fail,TN: 299 Top: Verb:fail
351,TN: 303 Top: Verb:bring,FP: 8 Top:X Verb:bring,FP: 11 Top:X Verb:bring,FP: 10 Top:X Verb:bring,FP: 10 Top:X Verb:bring,TN: 300 Top: Verb:bring,TN: 300 Top: Verb:bring
352,TN: 304 Top: Verb:is,TN: 301 Top: Verb:is,TN: 298 Top: Verb:is,TN: 299 Top: Verb:is,TN: 299 Top: Verb:is,TN: 301 Top: Verb:is,TN: 301 Top: Verb:is
353,TN: 305 Top: Verb:required,TN: 302 Top: Verb:required,TN: 299 Top: Verb:required,TN: 300 Top: Verb:required,TN: 300 Top: Verb:required,TN: 302 Top: Verb:required,TN: 302 Top: Verb:required
354,TN: 306 Top: Verb:have,TN: 303 Top: Verb:have,TN: 300 Top: Verb:have,TN: 301 Top: Verb:have,TN: 301 Top: Verb:have,TN: 303 Top: Verb:have,TN: 303 Top: Verb:have
355,TN: 307 Top: Verb:been,TN: 304 Top: Verb:been,TN: 301 Top: Verb:been,TN: 302 Top: Verb:been,TN: 302 Top: Verb:been,TN: 304 Top: Verb:been,TN: 304 Top: Verb:been
356,TN: 308 Top: Verb:made,TN: 305 Top: Verb:made,TN: 302 Top: Verb:made,TN: 303 Top: Verb:made,TN: 303 Top: Verb:made,TN: 305 Top: Verb:made,TN: 305 Top: Verb:made
357,TN: 309 Top: Verb:please,TN: 306 Top: Verb:please,TN: 303 Top: Verb:please,TN: 304 Top: Verb:please,TN: 304 Top: Verb:please,TN: 306 Top: Verb:please,TN: 306 Top: Verb:please
358,TN: 310 Top: Verb:treat,TN: 307 Top: Verb:treat,TN: 304 Top: Verb:treat,TN: 305 Top: Verb:treat,TN: 305 Top: Verb:treat,TN: 307 Top: Verb:treat,TN: 307 Top: Verb:treat
359,FN: 41 Top: Verb:contact,FN: 36 Top: Verb:contact,FN: 32 Top: Verb:contact,FN: 33 Top: Verb:contact,FN: 33 Top: Verb:contact,FN: 30 Top: Verb:contact,FN: 29 Top: Verb:contact
360,TN: 311 Top: Verb:receive,TN: 308 Top: Verb:receive,TN: 305 Top: Verb:receive,TN: 306 Top: Verb:receive,TN: 306 Top: Verb:receive,TN: 308 Top: Verb:receive,TN: 308 Top: Verb:receive
361,TN: 312 Top: Verb:sure,TN: 309 Top: Verb:sure,TN: 306 Top: Verb:sure,TN: 307 Top: Verb:sure,TN: 307 Top: Verb:sure,TN: 309 Top: Verb:sure,TN: 309 Top: Verb:sure
362,TN: 313 Top: Verb:receive,TN: 310 Top: Verb:receive,FP: 12 Top:X Verb:receive,FP: 11 Top:X Verb:receive,FP: 11 Top:X Verb:receive,TN: 310 Top: Verb:receive,TN: 310 Top: Verb:receive
363,TN: 314 Top: Verb:keep,TN: 311 Top: Verb:keep,TN: 307 Top: Verb:keep,TN: 308 Top: Verb:keep,TN: 308 Top: Verb:keep,TN: 311 Top: Verb:keep,TN: 311 Top: Verb:keep
364,FP: 6 Top:X Verb:provide,TN: 312 Top: Verb:provide,FP: 13 Top:X Verb:provide,FP: 12 Top:X Verb:provide,FP: 12 Top:X Verb:provide,TN: 312 Top: Verb:provide,TN: 312 Top: Verb:provide
365,TN: 315 Top: Verb:disclose,TN: 313 Top: Verb:disclose,TN: 308 Top: Verb:disclose,TN: 309 Top: Verb:disclose,TN: 309 Top: Verb:disclose,TN: 313 Top: Verb:disclose,TN: 313 Top: Verb:disclose
366,TN: 316 Top: Verb:is,TN: 314 Top: Verb:is,TN: 309 Top: Verb:is,TN: 310 Top: Verb:is,TN: 310 Top: Verb:is,TN: 314 Top: Verb:is,TN: 314 Top: Verb:is
367,TN: 317 Top: Verb:hear,TN: 315 Top: Verb:hear,TN: 310 Top: Verb:hear,TN: 311 Top: Verb:hear,TN: 311 Top: Verb:hear,TN: 315 Top: Verb:hear,TN: 315 Top: Verb:hear
368,TN: 318 Top: Verb:am,TN: 316 Top: Verb:am,TN: 311 Top: Verb:am,TN: 312 Top: Verb:am,TN: 312 Top: Verb:am,TN: 316 Top: Verb:am,TN: 316 Top: Verb:am
369,FN: 42 Top: Verb:reply,FN: 37 Top: Verb:reply,FN: 33 Top: Verb:reply,FN: 34 Top: Verb:reply,FN: 34 Top: Verb:reply,TP: 15 Top:X Verb:reply,TP: 16 Top:X Verb:reply
370,TN: 319 Top: Verb:name,TN: 317 Top: Verb:name,TN: 312 Top: Verb:name,TN: 313 Top: Verb:name,TN: 313 Top: Verb:name,TN: 317 Top: Verb:name,TN: 317 Top: Verb:name
371,TN: 320 Top: Verb:address,TN: 318 Top: Verb:address,TN: 313 Top: Verb:address,TN: 314 Top: Verb:address,TN: 314 Top: Verb:address,TN: 318 Top: Verb:address,TN: 318 Top: Verb:address
372,TN: 321 Top: Verb:country,TN: 319 Top: Verb:country,TN: 314 Top: Verb:country,TN: 315 Top: Verb:country,TN: 315 Top: Verb:country,TN: 319 Top: Verb:country,TN: 319 Top: Verb:country
373,TN: 322 Top: Verb:city,TN: 320 Top: Verb:city,TN: 315 Top: Verb:city,TN: 316 Top: Verb:city,TN: 316 Top: Verb:city,TN: 320 Top: Verb:city,TN: 320 Top: Verb:city
374,TN: 323 Top: Verb:telephone,TN: 321 Top: Verb:telephone,TN: 316 Top: Verb:telephone,TN: 317 Top: Verb:telephone,TN: 317 Top: Verb:telephone,TN: 321 Top: Verb:telephone,TN: 321 Top: Verb:telephone
375,TN: 324 Top: Verb:occupation,TN: 322 Top: Verb:occupation,TN: 317 Top: Verb:occupation,TN: 318 Top: Verb:occupation,TN: 318 Top: Verb:occupation,TN: 322 Top: Verb:occupation,TN: 322 Top: Verb:occupation
376,TN: 325 Top: Verb:age,TN: 323 Top: Verb:age,TN: 318 Top: Verb:age,TN: 319 Top: Verb:age,TN: 319 Top: Verb:age,TN: 323 Top: Verb:age,TN: 323 Top: Verb:age
377,TN: 326 Top: Verb:sex,TN: 324 Top: Verb:sex,TN: 319 Top: Verb:sex,TN: 320 Top: Verb:sex,TN: 320 Top: Verb:sex,TN: 324 Top: Verb:sex,TN: 324 Top: Verb:sex
378,FN: 43 Top: Verb:expect,FN: 38 Top: Verb:expect,FN: 34 Top: Verb:expect,FN: 35 Top: Verb:expect,FN: 35 Top: Verb:expect,FN: 31 Top: Verb:expect,FN: 30 Top: Verb:expect
379,TN: 327 Top: Verb:is,TN: 325 Top: Verb:is,TN: 320 Top: Verb:is,TN: 321 Top: Verb:is,TN: 321 Top: Verb:is,TN: 325 Top: Verb:is,TN: 325 Top: Verb:is
380,TN: 328 Top: Verb:yours,TN: 326 Top: Verb:yours,TN: 321 Top: Verb:yours,TN: 322 Top: Verb:yours,TN: 322 Top: Verb:yours,TN: 326 Top: Verb:yours,TN: 326 Top: Verb:yours
381,TN: 329 Top: Verb:vqex7,TN: 327 Top: Verb:vqex7,TN: 322 Top: Verb:vqex7,TN: 323 Top: Verb:vqex7,TN: 323 Top: Verb:vqex7,TN: 327 Top: Verb:vqex7,TN: 327 Top: Verb:vqex7
382,TN: 330 Top: Verb:have,TN: 328 Top: Verb:have,TN: 323 Top: Verb:have,TN: 324 Top: Verb:have,TN: 324 Top: Verb:have,TN: 328 Top: Verb:have,TN: 328 Top: Verb:have
383,TN: 331 Top: Verb:vqex7,TN: 329 Top: Verb:vqex7,TN: 324 Top: Verb:vqex7,TN: 325 Top: Verb:vqex7,TN: 325 Top: Verb:vqex7,TN: 329 Top: Verb:vqex7,TN: 329 Top: Verb:vqex7
384,TN: 332 Top: Verb:businessmen,TN: 330 Top: Verb:businessmen,TN: 325 Top: Verb:businessmen,TN: 326 Top: Verb:businessmen,TN: 326 Top: Verb:businessmen,TN: 330 Top: Verb:businessmen,TN: 330 Top: Verb:businessmen
385,TN: 333 Top: Verb:vqex7,TN: 331 Top: Verb:vqex7,TN: 326 Top: Verb:vqex7,TN: 327 Top: Verb:vqex7,TN: 327 Top: Verb:vqex7,TN: 331 Top: Verb:vqex7,TN: 331 Top: Verb:vqex7
386,TN: 334 Top: Verb:contacts,TN: 332 Top: Verb:contacts,TN: 327 Top: Verb:contacts,TN: 328 Top: Verb:contacts,TN: 328 Top: Verb:contacts,TN: 332 Top: Verb:contacts,TN: 332 Top: Verb:contacts
387,TN: 335 Top: Verb:vqex7,TN: 333 Top: Verb:vqex7,TN: 328 Top: Verb:vqex7,TN: 329 Top: Verb:vqex7,TN: 329 Top: Verb:vqex7,TN: 333 Top: Verb:vqex7,TN: 333 Top: Verb:vqex7
388,FN: 44 Top: Verb:send,TP: 9 Top:X Verb:send,TP: 13 Top:X Verb:send,TP: 12 Top:X Verb:send,TP: 12 Top:X Verb:send,TP: 16 Top:X Verb:send,TP: 17 Top:X Verb:send
389,TN: 336 Top: Verb:colleague,TN: 334 Top: Verb:colleague,TN: 329 Top: Verb:colleague,TN: 330 Top: Verb:colleague,TN: 330 Top: Verb:colleague,TN: 334 Top: Verb:colleague,TN: 334 Top: Verb:colleague
390,TN: 337 Top: Verb:conducting,TN: 335 Top: Verb:conducting,TN: 330 Top: Verb:conducting,TN: 331 Top: Verb:conducting,TN: 331 Top: Verb:conducting,TN: 335 Top: Verb:conducting,TN: 335 Top: Verb:conducting
391,TN: 338 Top: Verb:is,TN: 336 Top: Verb:is,TN: 331 Top: Verb:is,TN: 332 Top: Verb:is,TN: 332 Top: Verb:is,TN: 336 Top: Verb:is,TN: 336 Top: Verb:is
392,TN: 339 Top: Verb:entered,TN: 337 Top: Verb:entered,TN: 332 Top: Verb:entered,TN: 333 Top: Verb:entered,TN: 333 Top: Verb:entered,TN: 337 Top: Verb:entered,TN: 337 Top: Verb:entered
393,TN: 340 Top: Verb:be,TN: 338 Top: Verb:be,TN: 333 Top: Verb:be,TN: 334 Top: Verb:be,TN: 334 Top: Verb:be,TN: 338 Top: Verb:be,TN: 338 Top: Verb:be
394,TN: 341 Top: Verb:win,TN: 339 Top: Verb:win,TN: 334 Top: Verb:win,TN: 335 Top: Verb:win,TN: 335 Top: Verb:win,TN: 339 Top: Verb:win,TN: 339 Top: Verb:win
395,TN: 342 Top: Verb:appreciate,TN: 340 Top: Verb:appreciate,TN: 335 Top: Verb:appreciate,TN: 336 Top: Verb:appreciate,TN: 336 Top: Verb:appreciate,TN: 340 Top: Verb:appreciate,TN: 340 Top: Verb:appreciate
396,FN: 45 Top: Verb:contribute,FN: 39 Top: Verb:contribute,FN: 35 Top: Verb:contribute,FN: 36 Top: Verb:contribute,FN: 36 Top: Verb:contribute,FN: 32 Top: Verb:contribute,FN: 31 Top: Verb:contribute
397,TN: 343 Top: Verb:thank,TN: 341 Top: Verb:thank,TN: 336 Top: Verb:thank,TN: 337 Top: Verb:thank,TN: 337 Top: Verb:thank,TN: 341 Top: Verb:thank,TN: 341 Top: Verb:thank
398,TN: 344 Top: Verb:aiFuture.com,TN: 342 Top: Verb:aiFuture.com,TN: 337 Top: Verb:aiFuture.com,TN: 338 Top: Verb:aiFuture.com,TN: 338 Top: Verb:aiFuture.com,TN: 342 Top: Verb:aiFuture.com,TN: 342 Top: Verb:aiFuture.com
399,TN: 345 Top: Verb:avenue,TN: 343 Top: Verb:avenue,TN: 338 Top: Verb:avenue,TN: 339 Top: Verb:avenue,TN: 339 Top: Verb:avenue,TN: 343 Top: Verb:avenue,TN: 343 Top: Verb:avenue
400,FN: 46 Top: Verb:fax,FN: 40 Top: Verb:fax,FN: 36 Top: Verb:fax,FN: 37 Top: Verb:fax,FN: 37 Top: Verb:fax,FN: 33 Top: Verb:fax,FN: 32 Top: Verb:fax
401,TN: 346 Top: Verb:is,TN: 344 Top: Verb:is,TN: 339 Top: Verb:is,TN: 340 Top: Verb:is,TN: 340 Top: Verb:is,TN: 344 Top: Verb:is,TN: 344 Top: Verb:is
402,TN: 347 Top: Verb:being,TN: 345 Top: Verb:being,TN: 340 Top: Verb:being,TN: 341 Top: Verb:being,TN: 341 Top: Verb:being,TN: 345 Top: Verb:being,TN: 345 Top: Verb:being
403,TN: 348 Top: Verb:sent,FP: 9 Top:X Verb:sent,FP: 14 Top:X Verb:sent,TN: 342 Top: Verb:sent,TN: 342 Top: Verb:sent,TN: 346 Top: Verb:sent,TN: 346 Top: Verb:sent
404,TN: 349 Top: Verb:is,TN: 346 Top: Verb:is,TN: 341 Top: Verb:is,TN: 343 Top: Verb:is,TN: 343 Top: Verb:is,TN: 347 Top: Verb:is,TN: 347 Top: Verb:is
405,TN: 350 Top: Verb:interest,TN: 347 Top: Verb:interest,TN: 342 Top: Verb:interest,TN: 344 Top: Verb:interest,TN: 344 Top: Verb:interest,TN: 348 Top: Verb:interest,TN: 348 Top: Verb:interest
406,TN: 351 Top: Verb:please,TN: 348 Top: Verb:please,TN: 343 Top: Verb:please,TN: 345 Top: Verb:please,TN: 345 Top: Verb:please,TN: 349 Top: Verb:please,TN: 349 Top: Verb:please
407,TN: 352 Top: Verb:apologize,TN: 349 Top: Verb:apologize,TN: 344 Top: Verb:apologize,TN: 346 Top: Verb:apologize,TN: 346 Top: Verb:apologize,TN: 350 Top: Verb:apologize,TN: 350 Top: Verb:apologize
408,TN: 353 Top: Verb:is,TN: 350 Top: Verb:is,TN: 345 Top: Verb:is,TN: 347 Top: Verb:is,TN: 347 Top: Verb:is,TN: 351 Top: Verb:is,TN: 351 Top: Verb:is
409,TN: 354 Top: Verb:have,TN: 351 Top: Verb:have,TN: 346 Top: Verb:have,TN: 348 Top: Verb:have,TN: 348 Top: Verb:have,TN: 352 Top: Verb:have,TN: 352 Top: Verb:have
410,TN: 355 Top: Verb:caused,TN: 352 Top: Verb:caused,TN: 347 Top: Verb:caused,TN: 349 Top: Verb:caused,TN: 349 Top: Verb:caused,TN: 353 Top: Verb:caused,TN: 353 Top: Verb:caused
411,FN: 47 Top: Verb:go,FN: 41 Top: Verb:go,FN: 37 Top: Verb:go,FN: 38 Top: Verb:go,FN: 38 Top: Verb:go,FN: 34 Top: Verb:go,FN: 33 Top: Verb:go
412,TN: 356 Top: Verb:research,TN: 353 Top: Verb:research,TN: 348 Top: Verb:research,TN: 350 Top: Verb:research,TN: 350 Top: Verb:research,TN: 354 Top: Verb:research,TN: 354 Top: Verb:research
413,TN: 357 Top: Verb:meeting,TN: 354 Top: Verb:meeting,TN: 349 Top: Verb:meeting,TN: 351 Top: Verb:meeting,TN: 351 Top: Verb:meeting,TN: 355 Top: Verb:meeting,TN: 355 Top: Verb:meeting
414,TN: 358 Top: Verb:be,TN: 355 Top: Verb:be,TN: 350 Top: Verb:be,TN: 352 Top: Verb:be,TN: 352 Top: Verb:be,TN: 356 Top: Verb:be,TN: 356 Top: Verb:be
415,TN: 359 Top: Verb:minutes,TN: 356 Top: Verb:minutes,TN: 351 Top: Verb:minutes,TN: 353 Top: Verb:minutes,TN: 353 Top: Verb:minutes,TN: 357 Top: Verb:minutes,TN: 357 Top: Verb:minutes
416,TN: 360 Top: Verb:be,TN: 357 Top: Verb:be,TN: 352 Top: Verb:be,TN: 354 Top: Verb:be,TN: 354 Top: Verb:be,TN: 358 Top: Verb:be,TN: 358 Top: Verb:be
417,TN: 361 Top: Verb:please,TN: 358 Top: Verb:please,TN: 353 Top: Verb:please,TN: 355 Top: Verb:please,TN: 355 Top: Verb:please,TN: 359 Top: Verb:please,TN: 359 Top: Verb:please
418,FN: 48 Top: Verb:schedule,FN: 42 Top: Verb:schedule,FN: 38 Top: Verb:schedule,FN: 39 Top: Verb:schedule,FN: 39 Top: Verb:schedule,FN: 35 Top: Verb:schedule,FN: 34 Top: Verb:schedule
419,TN: 362 Top: Verb:thanks,TN: 359 Top: Verb:thanks,TN: 354 Top: Verb:thanks,TN: 356 Top: Verb:thanks,TN: 356 Top: Verb:thanks,TN: 360 Top: Verb:thanks,TN: 360 Top: Verb:thanks
420,TN: 363 Top: Verb:ready,TN: 360 Top: Verb:ready,TN: 355 Top: Verb:ready,TN: 357 Top: Verb:ready,TN: 357 Top: Verb:ready,TN: 361 Top: Verb:ready,TN: 361 Top: Verb:ready
421,TN: 364 Top: Verb:has,TN: 361 Top: Verb:has,TN: 356 Top: Verb:has,TN: 358 Top: Verb:has,TN: 358 Top: Verb:has,TN: 362 Top: Verb:has,TN: 362 Top: Verb:has
422,TN: 365 Top: Verb:found,TN: 362 Top: Verb:found,FP: 15 Top:X Verb:found,TN: 359 Top: Verb:found,TN: 359 Top: Verb:found,TN: 363 Top: Verb:found,TN: 363 Top: Verb:found
423,TN: 366 Top: Verb:is,TN: 363 Top: Verb:is,TN: 357 Top: Verb:is,TN: 360 Top: Verb:is,TN: 360 Top: Verb:is,TN: 364 Top: Verb:is,TN: 364 Top: Verb:is
424,TN: 367 Top: Verb:prescribed,TN: 364 Top: Verb:prescribed,TN: 358 Top: Verb:prescribed,TN: 361 Top: Verb:prescribed,TN: 361 Top: Verb:prescribed,TN: 365 Top: Verb:prescribed,TN: 365 Top: Verb:prescribed
425,TN: 368 Top: Verb:sleeping,TN: 365 Top: Verb:sleeping,TN: 359 Top: Verb:sleeping,TN: 362 Top: Verb:sleeping,TN: 362 Top: Verb:sleeping,TN: 366 Top: Verb:sleeping,TN: 366 Top: Verb:sleeping
426,FN: 49 Top: Verb:find,FN: 43 Top: Verb:find,TP: 14 Top:X Verb:find,TP: 13 Top:X Verb:find,TP: 13 Top:X Verb:find,TP: 17 Top:X Verb:find,TP: 18 Top:X Verb:find
427,FN: 50 Top: Verb:contact,FN: 44 Top: Verb:contact,FN: 39 Top: Verb:contact,FN: 40 Top: Verb:contact,FN: 40 Top: Verb:contact,FN: 36 Top: Verb:contact,FN: 35 Top: Verb:contact
428,TN: 369 Top: Verb:one,TN: 366 Top: Verb:one,TN: 360 Top: Verb:one,TN: 363 Top: Verb:one,TN: 363 Top: Verb:one,TN: 367 Top: Verb:one,TN: 367 Top: Verb:one
429,TN: 370 Top: Verb:three,TN: 367 Top: Verb:three,TN: 361 Top: Verb:three,TN: 364 Top: Verb:three,TN: 364 Top: Verb:three,TN: 368 Top: Verb:three,TN: 368 Top: Verb:three
430,TN: 371 Top: Verb:grand,TN: 368 Top: Verb:grand,TN: 362 Top: Verb:grand,TN: 365 Top: Verb:grand,TN: 365 Top: Verb:grand,TN: 369 Top: Verb:grand,TN: 369 Top: Verb:grand
431,TN: 372 Top: Verb:was,TN: 369 Top: Verb:was,TN: 363 Top: Verb:was,TN: 366 Top: Verb:was,TN: 366 Top: Verb:was,TN: 370 Top: Verb:was,TN: 370 Top: Verb:was
432,TN: 373 Top: Verb:was,TN: 370 Top: Verb:was,TN: 364 Top: Verb:was,TN: 367 Top: Verb:was,TN: 367 Top: Verb:was,TN: 371 Top: Verb:was,TN: 371 Top: Verb:was
433,TN: 374 Top: Verb:resented,TN: 371 Top: Verb:resented,TN: 365 Top: Verb:resented,TN: 368 Top: Verb:resented,TN: 368 Top: Verb:resented,TN: 372 Top: Verb:resented,TN: 372 Top: Verb:resented
434,TN: 375 Top: Verb:supporting,TN: 372 Top: Verb:supporting,FP: 16 Top:X Verb:supporting,TN: 369 Top: Verb:supporting,TN: 369 Top: Verb:supporting,TN: 373 Top: Verb:supporting,TN: 373 Top: Verb:supporting
435,TN: 376 Top: Verb:ranted,TN: 373 Top: Verb:ranted,TN: 366 Top: Verb:ranted,TN: 370 Top: Verb:ranted,TN: 370 Top: Verb:ranted,TN: 374 Top: Verb:ranted,TN: 374 Top: Verb:ranted
436,TN: 377 Top: Verb:having,TN: 374 Top: Verb:having,TN: 367 Top: Verb:having,TN: 371 Top: Verb:having,TN: 371 Top: Verb:having,TN: 375 Top: Verb:having,TN: 375 Top: Verb:having
437,FP: 7 Top:X Verb:do,TN: 375 Top: Verb:do,TN: 368 Top: Verb:do,TN: 372 Top: Verb:do,TN: 372 Top: Verb:do,TN: 376 Top: Verb:do,TN: 376 Top: Verb:do
438,TN: 378 Top: Verb:known,TN: 376 Top: Verb:known,TN: 369 Top: Verb:known,TN: 373 Top: Verb:known,TN: 373 Top: Verb:known,TN: 377 Top: Verb:known,TN: 377 Top: Verb:known
439,TN: 379 Top: Verb:ummmm,TN: 377 Top: Verb:ummmm,TN: 370 Top: Verb:ummmm,TN: 374 Top: Verb:ummmm,TN: 374 Top: Verb:ummmm,TN: 378 Top: Verb:ummmm,TN: 378 Top: Verb:ummmm
440,TN: 380 Top: Verb:dump,TN: 378 Top: Verb:dump,TN: 371 Top: Verb:dump,TN: 375 Top: Verb:dump,TN: 375 Top: Verb:dump,TN: 379 Top: Verb:dump,TN: 379 Top: Verb:dump
441,TN: 381 Top: Verb:drove,TN: 379 Top: Verb:drove,TN: 372 Top: Verb:drove,TN: 376 Top: Verb:drove,TN: 376 Top: Verb:drove,TN: 380 Top: Verb:drove,TN: 380 Top: Verb:drove
442,TN: 382 Top: Verb:thought,TN: 380 Top: Verb:thought,TN: 373 Top: Verb:thought,TN: 377 Top: Verb:thought,TN: 377 Top: Verb:thought,TN: 381 Top: Verb:thought,TN: 381 Top: Verb:thought
443,TN: 383 Top: Verb:about,TN: 381 Top: Verb:about,TN: 374 Top: Verb:about,TN: 378 Top: Verb:about,TN: 378 Top: Verb:about,TN: 382 Top: Verb:about,TN: 382 Top: Verb:about
444,TN: 384 Top: Verb:please,TN: 382 Top: Verb:please,TN: 375 Top: Verb:please,TN: 379 Top: Verb:please,TN: 379 Top: Verb:please,TN: 383 Top: Verb:please,TN: 383 Top: Verb:please
445,TN: 385 Top: Verb:have,TN: 383 Top: Verb:have,TN: 376 Top: Verb:have,TN: 380 Top: Verb:have,TN: 380 Top: Verb:have,TN: 384 Top: Verb:have,TN: 384 Top: Verb:have
446,TN: 386 Top: Verb:was,TN: 384 Top: Verb:was,TN: 377 Top: Verb:was,TN: 381 Top: Verb:was,TN: 381 Top: Verb:was,TN: 385 Top: Verb:was,TN: 385 Top: Verb:was
447,TN: 387 Top: Verb:got,TN: 385 Top: Verb:got,TN: 378 Top: Verb:got,TN: 382 Top: Verb:got,TN: 382 Top: Verb:got,TN: 386 Top: Verb:got,TN: 386 Top: Verb:got
448,TN: 388 Top: Verb:complained,TN: 386 Top: Verb:complained,TN: 379 Top: Verb:complained,TN: 383 Top: Verb:complained,TN: 383 Top: Verb:complained,TN: 387 Top: Verb:complained,TN: 387 Top: Verb:complained
449,TN: 389 Top: Verb:demanded,TN: 387 Top: Verb:demanded,TN: 380 Top: Verb:demanded,TN: 384 Top: Verb:demanded,TN: 384 Top: Verb:demanded,TN: 388 Top: Verb:demanded,TN: 388 Top: Verb:demanded
450,TN: 390 Top: Verb:have,TN: 388 Top: Verb:have,TN: 381 Top: Verb:have,TN: 385 Top: Verb:have,TN: 385 Top: Verb:have,TN: 389 Top: Verb:have,TN: 389 Top: Verb:have
451,TN: 391 Top: Verb:ing,TN: 389 Top: Verb:ing,TN: 382 Top: Verb:ing,TN: 386 Top: Verb:ing,TN: 386 Top: Verb:ing,TN: 390 Top: Verb:ing,TN: 390 Top: Verb:ing
452,FP: 8 Top:X Verb:realizing,TN: 390 Top: Verb:realizing,TN: 383 Top: Verb:realizing,TN: 387 Top: Verb:realizing,TN: 387 Top: Verb:realizing,TN: 391 Top: Verb:realizing,TN: 391 Top: Verb:realizing
453,TN: 392 Top: Verb:are,TN: 391 Top: Verb:are,TN: 384 Top: Verb:are,TN: 388 Top: Verb:are,TN: 388 Top: Verb:are,TN: 392 Top: Verb:are,TN: 392 Top: Verb:are
454,TN: 393 Top: Verb:worked,TN: 392 Top: Verb:worked,TN: 385 Top: Verb:worked,TN: 389 Top: Verb:worked,TN: 389 Top: Verb:worked,TN: 393 Top: Verb:worked,TN: 393 Top: Verb:worked
455,TN: 394 Top: Verb:job,TN: 393 Top: Verb:job,TN: 386 Top: Verb:job,TN: 390 Top: Verb:job,TN: 390 Top: Verb:job,TN: 394 Top: Verb:job,TN: 394 Top: Verb:job
456,TN: 395 Top: Verb:restaurant,TN: 394 Top: Verb:restaurant,TN: 387 Top: Verb:restaurant,TN: 391 Top: Verb:restaurant,TN: 391 Top: Verb:restaurant,TN: 395 Top: Verb:restaurant,TN: 395 Top: Verb:restaurant
457,TN: 396 Top: Verb:was,TN: 395 Top: Verb:was,TN: 388 Top: Verb:was,TN: 392 Top: Verb:was,TN: 392 Top: Verb:was,TN: 396 Top: Verb:was,TN: 396 Top: Verb:was
458,TN: 397 Top: Verb:talking,TN: 396 Top: Verb:talking,TN: 389 Top: Verb:talking,TN: 393 Top: Verb:talking,TN: 393 Top: Verb:talking,TN: 397 Top: Verb:talking,TN: 397 Top: Verb:talking
459,TN: 398 Top: Verb:asked,FP: 10 Top:X Verb:asked,FP: 17 Top:X Verb:asked,TN: 394 Top: Verb:asked,TN: 394 Top: Verb:asked,TN: 398 Top: Verb:asked,TN: 398 Top: Verb:asked
460,TN: 399 Top: Verb:was,TN: 397 Top: Verb:was,TN: 390 Top: Verb:was,TN: 395 Top: Verb:was,TN: 395 Top: Verb:was,TN: 399 Top: Verb:was,TN: 399 Top: Verb:was
461,TN: 400 Top: Verb:have,TN: 398 Top: Verb:have,TN: 391 Top: Verb:have,TN: 396 Top: Verb:have,TN: 396 Top: Verb:have,TN: 400 Top: Verb:have,TN: 400 Top: Verb:have
462,TN: 401 Top: Verb:understand,TN: 399 Top: Verb:understand,TN: 392 Top: Verb:understand,TN: 397 Top: Verb:understand,TN: 397 Top: Verb:understand,TN: 401 Top: Verb:understand,TN: 401 Top: Verb:understand
463,TN: 402 Top: Verb:were,TN: 400 Top: Verb:were,TN: 393 Top: Verb:were,TN: 398 Top: Verb:were,TN: 398 Top: Verb:were,TN: 402 Top: Verb:were,TN: 402 Top: Verb:were
464,TN: 403 Top: Verb:explained,TN: 401 Top: Verb:explained,TN: 394 Top: Verb:explained,TN: 399 Top: Verb:explained,TN: 399 Top: Verb:explained,TN: 403 Top: Verb:explained,TN: 403 Top: Verb:explained
465,TN: 404 Top: Verb:ran,TN: 402 Top: Verb:ran,TN: 395 Top: Verb:ran,TN: 400 Top: Verb:ran,TN: 400 Top: Verb:ran,TN: 404 Top: Verb:ran,TN: 404 Top: Verb:ran
466,TN: 405 Top: Verb:ran,TN: 403 Top: Verb:ran,TN: 396 Top: Verb:ran,TN: 401 Top: Verb:ran,TN: 401 Top: Verb:ran,TN: 405 Top: Verb:ran,TN: 405 Top: Verb:ran
467,TN: 406 Top: Verb:serving,TN: 404 Top: Verb:serving,TN: 397 Top: Verb:serving,TN: 402 Top: Verb:serving,TN: 402 Top: Verb:serving,TN: 406 Top: Verb:serving,TN: 406 Top: Verb:serving
468,TN: 407 Top: Verb:understands,TN: 405 Top: Verb:understands,TN: 398 Top: Verb:understands,TN: 403 Top: Verb:understands,TN: 403 Top: Verb:understands,TN: 407 Top: Verb:understands,TN: 407 Top: Verb:understands
469,TN: 408 Top: Verb:was,TN: 406 Top: Verb:was,TN: 399 Top: Verb:was,TN: 404 Top: Verb:was,TN: 404 Top: Verb:was,TN: 408 Top: Verb:was,TN: 408 Top: Verb:was
470,TN: 409 Top: Verb:looked,TN: 407 Top: Verb:looked,FP: 18 Top:X Verb:looked,TN: 405 Top: Verb:looked,TN: 405 Top: Verb:looked,TN: 409 Top: Verb:looked,TN: 409 Top: Verb:looked
471,TN: 410 Top: Verb:have,TN: 408 Top: Verb:have,TN: 400 Top: Verb:have,TN: 406 Top: Verb:have,TN: 406 Top: Verb:have,TN: 410 Top: Verb:have,TN: 410 Top: Verb:have
472,TN: 411 Top: Verb:need,TN: 409 Top: Verb:need,TN: 401 Top: Verb:need,TN: 407 Top: Verb:need,TN: 407 Top: Verb:need,TN: 411 Top: Verb:need,TN: 411 Top: Verb:need
