ASK RESULTS,,,,,,,
"Each row of the raw data on the Ask and Framing tabs refers, respectively to: (1) a potential Ask action e.g., ""contact""=PERFORM on the Ask tab; or (2) a potential Framing action, e.g., ""win""=GAIN on the Framing tab. Potential Asks and Framings are extracted from a set of anonymized emails---a pool of Panacea team members' collected suspected scam/impersonation emails---using dependency/constituency parsing and semantic role labeling (SRL). If an Ask (GIVE, PERFORM) or Framing (GAIN, LOSE) is assigned by Panacea Ask Detection, the cell will indicate this assignment, e.g., ""Ask:PERFORM Verb:contact"".  On the TopAsk tab: (3) all top ask assignments are marked ""Top:X"". For all three tabs, each column (0-6) is an experimental condition, such as ""no LCS, no CatVar, No Verbal(VB) processing, No Structural(URL) processing"". If the word ""No"" is in front of a condition, it means it is not used in the experiment; if ""No"" is absent, then the condition is used in the experiment.  Finally, for all three tabs, each cell is marked as one of four outcomes of the Panacea Ask/Framing Detection system, measured against Ground Truth: True Positive (TP), True Negative (TN), False Positive (FP), False Negative (FN). Ground truth is available on the Ask Detection website. Also, see Dorr et al., AAAI 2020 for overall Precision, Recall, and F results based on these outcomes.",,,,,,,
,,,,,,,
CASES,,,,,,,
Case Index,Case,,,,,,
0,No LCS No Catvar No VB No URL,,,,,,
1,LCS No Catvar No VB No URL,,,,,,
2,LCS+ No Catvar No VB No URL,,,,,,
3,LCS+ No Catvar VB No URL,,,,,,
4,LCS+ Catvar VB No URL,,,,,,
5,LCS+ Catvar VB Basic URL,,,,,,
6,LCS+ Catvar VB Advanced URL,,,,,,
,,,,,,,
RAW DATA,,,,,,,
Case Index-->,0,1,2,3,4,5,6
1,TN: 1 Ask: Verb:stuck,TN: 1 Ask: Verb:stuck,TN: 1 Ask: Verb:stuck,TN: 1 Ask: Verb:stuck,TN: 1 Ask: Verb:stuck,TN: 1 Ask: Verb:stuck,TN: 1 Ask: Verb:stuck
2,TN: 2 Ask: Verb:am,TN: 2 Ask: Verb:am,TN: 2 Ask: Verb:am,TN: 2 Ask: Verb:am,TN: 2 Ask: Verb:am,TN: 2 Ask: Verb:am,TN: 2 Ask: Verb:am
3,FN: 1 Ask: Verb:help,FN: 1 Ask: Verb:help,TP: 1 Ask:PERFORM Verb:help,TP: 1 Ask:PERFORM Verb:help,TP: 1 Ask:PERFORM Verb:help,TP: 1 Ask:PERFORM Verb:help,TP: 1 Ask:PERFORM Verb:help
4,FN: 2 Ask: Verb:sending,FP: 1 Ask:GIVE Verb:sending,TP: 2 Ask:PERFORM Verb:sending,FN: 1 Ask: Verb:sending,FN: 1 Ask: Verb:sending,FN: 1 Ask: Verb:sending,FN: 1 Ask: Verb:sending
5,TN: 3 Ask: Verb:hello,TN: 3 Ask: Verb:hello,TN: 3 Ask: Verb:hello,TN: 3 Ask: Verb:hello,TN: 3 Ask: Verb:hello,TN: 3 Ask: Verb:hello,TN: 3 Ask: Verb:hello
6,TN: 4 Ask: Verb:wow,TN: 4 Ask: Verb:wow,TN: 4 Ask: Verb:wow,TN: 4 Ask: Verb:wow,TN: 4 Ask: Verb:wow,TN: 4 Ask: Verb:wow,TN: 4 Ask: Verb:wow
7,TN: 5 Ask: Verb:congratulation,TN: 5 Ask: Verb:congratulation,TN: 5 Ask: Verb:congratulation,TN: 5 Ask: Verb:congratulation,TN: 5 Ask: Verb:congratulation,TN: 5 Ask: Verb:congratulation,TN: 5 Ask: Verb:congratulation
8,TN: 6 Ask: Verb:inform,TN: 6 Ask: Verb:inform,TN: 6 Ask: Verb:inform,TN: 6 Ask: Verb:inform,TN: 6 Ask: Verb:inform,TN: 6 Ask: Verb:inform,TN: 6 Ask: Verb:inform
9,TN: 7 Ask: Verb:is,TN: 7 Ask: Verb:is,TN: 7 Ask: Verb:is,TN: 7 Ask: Verb:is,TN: 7 Ask: Verb:is,TN: 7 Ask: Verb:is,TN: 7 Ask: Verb:is
10,TN: 8 Ask: Verb:have,TN: 8 Ask: Verb:have,TN: 8 Ask: Verb:have,TN: 8 Ask: Verb:have,TN: 8 Ask: Verb:have,TN: 8 Ask: Verb:have,TN: 8 Ask: Verb:have
11,TN: 9 Ask: Verb:won,TN: 9 Ask: Verb:won,TN: 9 Ask: Verb:won,TN: 9 Ask: Verb:won,TN: 9 Ask: Verb:won,TN: 9 Ask: Verb:won,TN: 9 Ask: Verb:won
12,FN: 3 Ask: Verb:contact,FN: 2 Ask: Verb:contact,TP: 3 Ask:PERFORM Verb:contact,TP: 2 Ask:PERFORM Verb:contact,TP: 2 Ask:PERFORM Verb:contact,TP: 2 Ask:PERFORM Verb:contact,TP: 2 Ask:PERFORM Verb:contact
13,TN: 10 Ask: Verb:.,TN: 10 Ask: Verb:.,TN: 10 Ask: Verb:.,TN: 10 Ask: Verb:.,TN: 10 Ask: Verb:.,TN: 10 Ask: Verb:.,TN: 10 Ask: Verb:.
14,TN: 11 Ask: Verb:jw11@example.com,TN: 11 Ask: Verb:jw11@example.com,TN: 11 Ask: Verb:jw11@example.com,TN: 11 Ask: Verb:jw11@example.com,TN: 11 Ask: Verb:jw11@example.com,TN: 11 Ask: Verb:jw11@example.com,TN: 11 Ask: Verb:jw11@example.com
15,TN: 12 Ask: Verb:yours,TN: 12 Ask: Verb:yours,TN: 12 Ask: Verb:yours,TN: 12 Ask: Verb:yours,TN: 12 Ask: Verb:yours,TN: 12 Ask: Verb:yours,TN: 12 Ask: Verb:yours
16,TN: 13 Ask: Verb:--,TN: 13 Ask: Verb:--,TN: 13 Ask: Verb:--,TN: 13 Ask: Verb:--,TN: 13 Ask: Verb:--,TN: 13 Ask: Verb:--,TN: 13 Ask: Verb:--
17,TN: 14 Ask: Verb:director,TN: 14 Ask: Verb:director,TN: 14 Ask: Verb:director,TN: 14 Ask: Verb:director,TN: 14 Ask: Verb:director,TN: 14 Ask: Verb:director,TN: 14 Ask: Verb:director
18,TN: 15 Ask: Verb:ocala,TN: 15 Ask: Verb:ocala,TN: 15 Ask: Verb:ocala,TN: 15 Ask: Verb:ocala,TN: 15 Ask: Verb:ocala,TN: 15 Ask: Verb:ocala,TN: 15 Ask: Verb:ocala
19,TN: 16 Ask: Verb:hello,TN: 16 Ask: Verb:hello,TN: 16 Ask: Verb:hello,TN: 16 Ask: Verb:hello,TN: 16 Ask: Verb:hello,TN: 16 Ask: Verb:hello,TN: 16 Ask: Verb:hello
20,TN: 17 Ask: Verb:sent,FP: 2 Ask:GIVE Verb:sent,FP: 1 Ask:PERFORM Verb:sent,TN: 17 Ask: Verb:sent,TN: 17 Ask: Verb:sent,TN: 17 Ask: Verb:sent,TN: 17 Ask: Verb:sent
21,TN: 18 Ask: Verb:url,TN: 17 Ask: Verb:url,TN: 17 Ask: Verb:url,TN: 18 Ask: Verb:url,TN: 18 Ask: Verb:url,TN: 18 Ask: Verb:url,TN: 18 Ask: Verb:url
22,TN: 19 Ask: Verb:signing,FP: 3 Ask:PERFORM Verb:signing,FP: 2 Ask:PERFORM Verb:signing,TN: 19 Ask: Verb:signing,TN: 19 Ask: Verb:signing,TN: 19 Ask: Verb:signing,TN: 19 Ask: Verb:signing
23,FN: 4 Ask: Verb:use,FN: 3 Ask: Verb:use,FN: 1 Ask: Verb:use,FN: 2 Ask: Verb:use,FN: 2 Ask: Verb:use,FN: 2 Ask: Verb:use,FN: 2 Ask: Verb:use
24,TN: 20 Ask: Verb:following,TN: 18 Ask: Verb:following,TN: 18 Ask: Verb:following,TN: 20 Ask: Verb:following,TN: 20 Ask: Verb:following,TN: 20 Ask: Verb:following,TN: 20 Ask: Verb:following
25,FP: 1 Ask:PERFORM Verb:complete,TN: 19 Ask: Verb:complete,TN: 19 Ask: Verb:complete,TN: 21 Ask: Verb:complete,TN: 21 Ask: Verb:complete,TN: 21 Ask: Verb:complete,TN: 21 Ask: Verb:complete
26,TN: 21 Ask: Verb:15966,TN: 20 Ask: Verb:15966,TN: 20 Ask: Verb:15966,TN: 22 Ask: Verb:15966,TN: 22 Ask: Verb:15966,TN: 22 Ask: Verb:15966,TN: 22 Ask: Verb:15966
27,TN: 22 Ask: Verb:thanks,TN: 21 Ask: Verb:thanks,TN: 21 Ask: Verb:thanks,TN: 23 Ask: Verb:thanks,TN: 23 Ask: Verb:thanks,TN: 23 Ask: Verb:thanks,TN: 23 Ask: Verb:thanks
28,TN: 23 Ask: Verb:newspost,TN: 22 Ask: Verb:newspost,TN: 22 Ask: Verb:newspost,TN: 24 Ask: Verb:newspost,TN: 24 Ask: Verb:newspost,TN: 24 Ask: Verb:newspost,TN: 24 Ask: Verb:newspost
29,TN: 24 Ask: Verb:ask,FP: 4 Ask:PERFORM Verb:ask,FP: 3 Ask:PERFORM Verb:ask,FP: 1 Ask:PERFORM Verb:ask,FP: 1 Ask:PERFORM Verb:ask,FP: 1 Ask:PERFORM Verb:ask,FP: 1 Ask:PERFORM Verb:ask
30,TN: 25 Ask: Verb:go,TN: 23 Ask: Verb:go,TN: 23 Ask: Verb:go,TN: 25 Ask: Verb:go,TN: 25 Ask: Verb:go,TN: 25 Ask: Verb:go,TN: 25 Ask: Verb:go
31,TN: 26 Ask: Verb:do,TN: 24 Ask: Verb:do,TN: 24 Ask: Verb:do,TN: 26 Ask: Verb:do,TN: 26 Ask: Verb:do,TN: 26 Ask: Verb:do,TN: 26 Ask: Verb:do
32,FN: 5 Ask: Verb:trust,TP: 1 Ask:GIVE Verb:trust,TP: 4 Ask:GIVE Verb:trust,TP: 3 Ask:GIVE Verb:trust,TP: 3 Ask:GIVE Verb:trust,TP: 3 Ask:GIVE Verb:trust,TP: 3 Ask:GIVE Verb:trust
33,TN: 27 Ask: Verb:employees,TN: 25 Ask: Verb:employees,TN: 25 Ask: Verb:employees,TN: 27 Ask: Verb:employees,TN: 27 Ask: Verb:employees,TN: 27 Ask: Verb:employees,TN: 27 Ask: Verb:employees
34,TN: 28 Ask: Verb:able,TN: 26 Ask: Verb:able,TN: 26 Ask: Verb:able,TN: 28 Ask: Verb:able,TN: 28 Ask: Verb:able,TN: 28 Ask: Verb:able,TN: 28 Ask: Verb:able
35,TN: 29 Ask: Verb:be,TN: 27 Ask: Verb:be,TN: 27 Ask: Verb:be,TN: 29 Ask: Verb:be,TN: 29 Ask: Verb:be,TN: 29 Ask: Verb:be,TN: 29 Ask: Verb:be
36,TN: 30 Ask: Verb:get,TN: 28 Ask: Verb:get,TN: 28 Ask: Verb:get,TN: 30 Ask: Verb:get,TN: 30 Ask: Verb:get,TN: 30 Ask: Verb:get,TN: 30 Ask: Verb:get
37,FN: 6 Ask: Verb:check,FN: 4 Ask: Verb:check,TP: 5 Ask:PERFORM Verb:check,TP: 4 Ask:PERFORM Verb:check,TP: 4 Ask:PERFORM Verb:check,TP: 4 Ask:PERFORM Verb:check,TP: 4 Ask:PERFORM Verb:check
38,TN: 31 Ask: Verb:work,TN: 29 Ask: Verb:work,TN: 29 Ask: Verb:work,TN: 31 Ask: Verb:work,TN: 31 Ask: Verb:work,TN: 31 Ask: Verb:work,TN: 31 Ask: Verb:work
39,FN: 7 Ask: Verb:copy,FN: 5 Ask: Verb:copy,TP: 6 Ask:PERFORM Verb:copy,TP: 5 Ask:PERFORM Verb:copy,TP: 5 Ask:PERFORM Verb:copy,TP: 5 Ask:PERFORM Verb:copy,TP: 5 Ask:PERFORM Verb:copy
40,FN: 8 Ask: Verb:paste,FN: 6 Ask: Verb:paste,TP: 7 Ask:PERFORM Verb:paste,TP: 6 Ask:PERFORM Verb:paste,TP: 6 Ask:PERFORM Verb:paste,TP: 6 Ask:PERFORM Verb:paste,TP: 6 Ask:PERFORM Verb:paste
41,TN: 32 Ask: Verb:following,TN: 30 Ask: Verb:following,TN: 30 Ask: Verb:following,TN: 32 Ask: Verb:following,TN: 32 Ask: Verb:following,TN: 32 Ask: Verb:following,TN: 32 Ask: Verb:following
42,TN: 33 Ask: Verb:url,TN: 31 Ask: Verb:url,TN: 31 Ask: Verb:url,TN: 33 Ask: Verb:url,TN: 33 Ask: Verb:url,TN: 33 Ask: Verb:url,TN: 33 Ask: Verb:url
43,TN: 34 Ask: Verb:does,TN: 32 Ask: Verb:does,TN: 32 Ask: Verb:does,TN: 34 Ask: Verb:does,TN: 34 Ask: Verb:does,TN: 34 Ask: Verb:does,TN: 34 Ask: Verb:does
44,TN: 35 Ask: Verb:regards,TN: 33 Ask: Verb:regards,TN: 33 Ask: Verb:regards,TN: 35 Ask: Verb:regards,TN: 35 Ask: Verb:regards,TN: 35 Ask: Verb:regards,TN: 35 Ask: Verb:regards
45,TN: 36 Ask: Verb:richard,TN: 34 Ask: Verb:richard,TN: 34 Ask: Verb:richard,TN: 36 Ask: Verb:richard,TN: 36 Ask: Verb:richard,TN: 36 Ask: Verb:richard,TN: 36 Ask: Verb:richard
46,FN: 9 Ask: Verb:sign,TP: 2 Ask:PERFORM Verb:sign,TP: 8 Ask:PERFORM Verb:sign,TP: 7 Ask:PERFORM Verb:sign,TP: 7 Ask:PERFORM Verb:sign,TP: 7 Ask:PERFORM Verb:sign,TP: 7 Ask:PERFORM Verb:sign
47,FN: 10 Ask: Verb:receive,FN: 7 Ask: Verb:receive,TP: 9 Ask:PERFORM Verb:receive,TP: 8 Ask:PERFORM Verb:receive,TP: 8 Ask:PERFORM Verb:receive,TP: 8 Ask:PERFORM Verb:receive,TP: 8 Ask:PERFORM Verb:receive
48,TN: 37 Ask: Verb:be,TN: 35 Ask: Verb:be,TN: 35 Ask: Verb:be,TN: 37 Ask: Verb:be,TN: 37 Ask: Verb:be,TN: 37 Ask: Verb:be,TN: 37 Ask: Verb:be
49,TN: 38 Ask: Verb:notifed,TN: 36 Ask: Verb:notifed,TN: 36 Ask: Verb:notifed,TN: 38 Ask: Verb:notifed,TN: 38 Ask: Verb:notifed,TN: 38 Ask: Verb:notifed,TN: 38 Ask: Verb:notifed
50,TN: 39 Ask: Verb:alerts,TN: 37 Ask: Verb:alerts,TN: 37 Ask: Verb:alerts,TN: 39 Ask: Verb:alerts,TN: 39 Ask: Verb:alerts,TN: 39 Ask: Verb:alerts,TN: 39 Ask: Verb:alerts
51,TN: 40 Ask: Verb:service,TN: 38 Ask: Verb:service,TN: 38 Ask: Verb:service,TN: 40 Ask: Verb:service,TN: 40 Ask: Verb:service,TN: 40 Ask: Verb:service,TN: 40 Ask: Verb:service
52,TN: 41 Ask: Verb:is,TN: 39 Ask: Verb:is,TN: 39 Ask: Verb:is,TN: 41 Ask: Verb:is,TN: 41 Ask: Verb:is,TN: 41 Ask: Verb:is,TN: 41 Ask: Verb:is
53,FN: 11 Ask: Verb:unsubscribe,FN: 8 Ask: Verb:unsubscribe,TP: 10 Ask:PERFORM Verb:unsubscribe,TP: 9 Ask:PERFORM Verb:unsubscribe,TP: 9 Ask:PERFORM Verb:unsubscribe,TP: 9 Ask:PERFORM Verb:unsubscribe,TP: 9 Ask:PERFORM Verb:unsubscribe
54,TN: 42 Ask: Verb:receive,TN: 40 Ask: Verb:receive,FP: 4 Ask:PERFORM Verb:receive,FP: 2 Ask:PERFORM Verb:receive,FP: 2 Ask:PERFORM Verb:receive,FP: 2 Ask:PERFORM Verb:receive,FP: 2 Ask:PERFORM Verb:receive
55,FN: 12 Ask: Verb:reply,FN: 9 Ask: Verb:reply,TP: 11 Ask:PERFORM Verb:reply,TP: 10 Ask:PERFORM Verb:reply,TP: 10 Ask:PERFORM Verb:reply,TP: 10 Ask:PERFORM Verb:reply,TP: 10 Ask:PERFORM Verb:reply
56,TN: 43 Ask: Verb:thank,TN: 41 Ask: Verb:thank,TN: 40 Ask: Verb:thank,TN: 42 Ask: Verb:thank,TN: 42 Ask: Verb:thank,TN: 42 Ask: Verb:thank,TN: 42 Ask: Verb:thank
57,TN: 44 Ask: Verb:med,TN: 42 Ask: Verb:med,TN: 41 Ask: Verb:med,TN: 43 Ask: Verb:med,TN: 43 Ask: Verb:med,TN: 43 Ask: Verb:med,TN: 43 Ask: Verb:med
58,TN: 45 Ask: Verb:larry,TN: 43 Ask: Verb:larry,TN: 42 Ask: Verb:larry,TN: 44 Ask: Verb:larry,TN: 44 Ask: Verb:larry,TN: 44 Ask: Verb:larry,TN: 44 Ask: Verb:larry
59,TN: 46 Ask: Verb:hope,TN: 44 Ask: Verb:hope,TN: 43 Ask: Verb:hope,TN: 45 Ask: Verb:hope,TN: 45 Ask: Verb:hope,TN: 45 Ask: Verb:hope,TN: 45 Ask: Verb:hope
60,TN: 47 Ask: Verb:enjoy,TN: 45 Ask: Verb:enjoy,TN: 44 Ask: Verb:enjoy,TN: 46 Ask: Verb:enjoy,TN: 46 Ask: Verb:enjoy,TN: 46 Ask: Verb:enjoy,TN: 46 Ask: Verb:enjoy
61,TN: 48 Ask: Verb:have,TN: 46 Ask: Verb:have,TN: 45 Ask: Verb:have,TN: 47 Ask: Verb:have,TN: 47 Ask: Verb:have,TN: 47 Ask: Verb:have,TN: 47 Ask: Verb:have
62,TN: 49 Ask: Verb:250,TN: 47 Ask: Verb:250,TN: 46 Ask: Verb:250,TN: 48 Ask: Verb:250,TN: 48 Ask: Verb:250,TN: 48 Ask: Verb:250,TN: 48 Ask: Verb:250
63,TN: 50 Ask: Verb:$,TN: 48 Ask: Verb:$,TN: 47 Ask: Verb:$,TN: 49 Ask: Verb:$,TN: 49 Ask: Verb:$,TN: 49 Ask: Verb:$,TN: 49 Ask: Verb:$
64,TN: 51 Ask: Verb:card,TN: 49 Ask: Verb:card,TN: 48 Ask: Verb:card,TN: 50 Ask: Verb:card,TN: 50 Ask: Verb:card,TN: 50 Ask: Verb:card,TN: 50 Ask: Verb:card
65,TN: 52 Ask: Verb:have,TN: 50 Ask: Verb:have,TN: 49 Ask: Verb:have,TN: 51 Ask: Verb:have,TN: 51 Ask: Verb:have,TN: 51 Ask: Verb:have,TN: 51 Ask: Verb:have
66,FN: 13 Ask: Verb:sign-up,FN: 10 Ask: Verb:sign-up,FN: 2 Ask: Verb:sign-up,FN: 3 Ask: Verb:sign-up,FN: 3 Ask: Verb:sign-up,FN: 3 Ask: Verb:sign-up,FN: 3 Ask: Verb:sign-up
67,FN: 14 Ask: Verb:redeem,FN: 11 Ask: Verb:redeem,FN: 3 Ask: Verb:redeem,FN: 4 Ask: Verb:redeem,FN: 4 Ask: Verb:redeem,FN: 4 Ask: Verb:redeem,FN: 4 Ask: Verb:redeem
68,TN: 53 Ask: Verb:code,TN: 51 Ask: Verb:code,TN: 50 Ask: Verb:code,TN: 52 Ask: Verb:code,TN: 52 Ask: Verb:code,TN: 52 Ask: Verb:code,TN: 52 Ask: Verb:code
69,TN: 54 Ask: Verb:8jdk-dfs46w4vs3-54418,TN: 52 Ask: Verb:8jdk-dfs46w4vs3-54418,TN: 51 Ask: Verb:8jdk-dfs46w4vs3-54418,TN: 53 Ask: Verb:8jdk-dfs46w4vs3-54418,TN: 53 Ask: Verb:8jdk-dfs46w4vs3-54418,TN: 53 Ask: Verb:8jdk-dfs46w4vs3-54418,TN: 53 Ask: Verb:8jdk-dfs46w4vs3-54418
70,TN: 55 Ask: Verb:added,TN: 53 Ask: Verb:added,TN: 52 Ask: Verb:added,TN: 54 Ask: Verb:added,TN: 54 Ask: Verb:added,TN: 54 Ask: Verb:added,TN: 54 Ask: Verb:added
71,TN: 56 Ask: Verb:applied,TN: 54 Ask: Verb:applied,TN: 53 Ask: Verb:applied,TN: 55 Ask: Verb:applied,TN: 55 Ask: Verb:applied,TN: 55 Ask: Verb:applied,TN: 55 Ask: Verb:applied
72,TN: 57 Ask: Verb:be,TN: 55 Ask: Verb:be,TN: 54 Ask: Verb:be,TN: 56 Ask: Verb:be,TN: 56 Ask: Verb:be,TN: 56 Ask: Verb:be,TN: 56 Ask: Verb:be
73,TN: 58 Ask: Verb:be,TN: 56 Ask: Verb:be,TN: 55 Ask: Verb:be,TN: 57 Ask: Verb:be,TN: 57 Ask: Verb:be,TN: 57 Ask: Verb:be,TN: 57 Ask: Verb:be
74,TN: 59 Ask: Verb:used,TN: 57 Ask: Verb:used,TN: 56 Ask: Verb:used,TN: 58 Ask: Verb:used,TN: 58 Ask: Verb:used,TN: 58 Ask: Verb:used,TN: 58 Ask: Verb:used
75,TN: 60 Ask: Verb:buy,TN: 58 Ask: Verb:buy,TN: 57 Ask: Verb:buy,TN: 59 Ask: Verb:buy,TN: 59 Ask: Verb:buy,TN: 59 Ask: Verb:buy,TN: 59 Ask: Verb:buy
76,TN: 61 Ask: Verb:required,TN: 59 Ask: Verb:required,TN: 58 Ask: Verb:required,TN: 60 Ask: Verb:required,TN: 60 Ask: Verb:required,TN: 60 Ask: Verb:required,TN: 60 Ask: Verb:required
77,TN: 62 Ask: Verb:redeemed,FP: 5 Ask:PERFORM Verb:redeemed,FP: 5 Ask:PERFORM Verb:redeemed,TN: 61 Ask: Verb:redeemed,TN: 61 Ask: Verb:redeemed,TN: 61 Ask: Verb:redeemed,TN: 61 Ask: Verb:redeemed
78,TN: 63 Ask: Verb:applied,TN: 60 Ask: Verb:applied,TN: 59 Ask: Verb:applied,TN: 62 Ask: Verb:applied,TN: 62 Ask: Verb:applied,TN: 62 Ask: Verb:applied,TN: 62 Ask: Verb:applied
79,TN: 64 Ask: Verb:be,TN: 61 Ask: Verb:be,TN: 60 Ask: Verb:be,TN: 63 Ask: Verb:be,TN: 63 Ask: Verb:be,TN: 63 Ask: Verb:be,TN: 63 Ask: Verb:be
80,FN: 15 Ask: Verb:do,FN: 12 Ask: Verb:do,FN: 4 Ask: Verb:do,FN: 5 Ask: Verb:do,FN: 5 Ask: Verb:do,FN: 5 Ask: Verb:do,FN: 5 Ask: Verb:do
81,TN: 65 Ask: Verb:want,FP: 6 Ask:GIVE Verb:want,FP: 6 Ask:GIVE Verb:want,FP: 3 Ask:GIVE Verb:want,FP: 3 Ask:GIVE Verb:want,FP: 3 Ask:GIVE Verb:want,FP: 3 Ask:GIVE Verb:want
82,TN: 66 Ask: Verb:use,TN: 62 Ask: Verb:use,TN: 61 Ask: Verb:use,TN: 64 Ask: Verb:use,TN: 64 Ask: Verb:use,TN: 64 Ask: Verb:use,TN: 64 Ask: Verb:use
83,FN: 16 Ask: Verb:reference,FN: 13 Ask: Verb:reference,FN: 5 Ask: Verb:reference,FN: 6 Ask: Verb:reference,TP: 11 Ask:PERFORM Verb:reference,TP: 11 Ask:PERFORM Verb:reference,TP: 11 Ask:PERFORM Verb:reference
84,TN: 67 Ask: Verb:experience,TN: 63 Ask: Verb:experience,TN: 62 Ask: Verb:experience,TN: 65 Ask: Verb:experience,TN: 65 Ask: Verb:experience,TN: 65 Ask: Verb:experience,TN: 65 Ask: Verb:experience
85,TN: 68 Ask: Verb:using,TN: 64 Ask: Verb:using,TN: 63 Ask: Verb:using,TN: 66 Ask: Verb:using,TN: 66 Ask: Verb:using,TN: 66 Ask: Verb:using,TN: 66 Ask: Verb:using
86,FP: 2 Ask:GIVE Verb:providing,FP: 7 Ask:GIVE Verb:providing,TP: 12 Ask:PERFORM Verb:providing,FN: 7 Ask: Verb:providing,FN: 6 Ask: Verb:providing,FN: 6 Ask: Verb:providing,FN: 6 Ask: Verb:providing
87,TN: 69 Ask: Verb:following,TN: 65 Ask: Verb:following,TN: 64 Ask: Verb:following,TN: 67 Ask: Verb:following,TN: 67 Ask: Verb:following,TN: 67 Ask: Verb:following,TN: 67 Ask: Verb:following
88,TN: 70 Ask: Verb:number,TN: 66 Ask: Verb:number,TN: 65 Ask: Verb:number,TN: 68 Ask: Verb:number,TN: 68 Ask: Verb:number,TN: 68 Ask: Verb:number,TN: 68 Ask: Verb:number
89,TN: 71 Ask: Verb:number,TN: 67 Ask: Verb:number,TN: 66 Ask: Verb:number,TN: 69 Ask: Verb:number,TN: 69 Ask: Verb:number,TN: 69 Ask: Verb:number,TN: 69 Ask: Verb:number
90,TN: 72 Ask: Verb:548-84159224-845169,TN: 68 Ask: Verb:548-84159224-845169,TN: 67 Ask: Verb:548-84159224-845169,TN: 70 Ask: Verb:548-84159224-845169,TN: 70 Ask: Verb:548-84159224-845169,TN: 70 Ask: Verb:548-84159224-845169,TN: 70 Ask: Verb:548-84159224-845169
91,TN: 73 Ask: Verb:sold,TN: 69 Ask: Verb:sold,TN: 68 Ask: Verb:sold,TN: 71 Ask: Verb:sold,TN: 71 Ask: Verb:sold,TN: 71 Ask: Verb:sold,TN: 71 Ask: Verb:sold
92,TN: 74 Ask: Verb:terms,TN: 70 Ask: Verb:terms,TN: 69 Ask: Verb:terms,TN: 72 Ask: Verb:terms,TN: 72 Ask: Verb:terms,TN: 72 Ask: Verb:terms,TN: 72 Ask: Verb:terms
93,TN: 75 Ask: Verb:conditions,TN: 71 Ask: Verb:conditions,TN: 70 Ask: Verb:conditions,TN: 73 Ask: Verb:conditions,TN: 73 Ask: Verb:conditions,TN: 73 Ask: Verb:conditions,TN: 73 Ask: Verb:conditions
94,FN: 17 Ask: Verb:send,FP: 8 Ask:GIVE Verb:send,TP: 13 Ask:PERFORM Verb:send,TP: 11 Ask:PERFORM Verb:send,TP: 12 Ask:PERFORM Verb:send,TP: 12 Ask:PERFORM Verb:send,TP: 12 Ask:PERFORM Verb:send
95,TP: 1 Ask:PERFORM Verb:do,FN: 14 Ask: Verb:do,FN: 6 Ask: Verb:do,FN: 8 Ask: Verb:do,FN: 7 Ask: Verb:do,FN: 7 Ask: Verb:do,FN: 7 Ask: Verb:do
96,TN: 76 Ask: Verb:lose,TN: 72 Ask: Verb:lose,TN: 71 Ask: Verb:lose,TN: 74 Ask: Verb:lose,TN: 74 Ask: Verb:lose,TN: 74 Ask: Verb:lose,TN: 74 Ask: Verb:lose
97,TN: 77 Ask: Verb:won,TN: 73 Ask: Verb:won,TN: 72 Ask: Verb:won,TN: 75 Ask: Verb:won,TN: 75 Ask: Verb:won,TN: 75 Ask: Verb:won,TN: 75 Ask: Verb:won
98,TN: 78 Ask: Verb:have,TN: 74 Ask: Verb:have,TN: 73 Ask: Verb:have,TN: 76 Ask: Verb:have,TN: 76 Ask: Verb:have,TN: 76 Ask: Verb:have,TN: 76 Ask: Verb:have
99,FN: 18 Ask: Verb:respond,FN: 15 Ask: Verb:respond,TP: 14 Ask:PERFORM Verb:respond,TP: 12 Ask:PERFORM Verb:respond,TP: 13 Ask:PERFORM Verb:respond,TP: 13 Ask:PERFORM Verb:respond,TP: 13 Ask:PERFORM Verb:respond
100,TN: 79 Ask: Verb:star,TN: 75 Ask: Verb:star,TN: 74 Ask: Verb:star,TN: 77 Ask: Verb:star,TN: 77 Ask: Verb:star,TN: 77 Ask: Verb:star,TN: 77 Ask: Verb:star
101,TN: 80 Ask: Verb:be,TN: 76 Ask: Verb:be,TN: 75 Ask: Verb:be,TN: 78 Ask: Verb:be,TN: 78 Ask: Verb:be,TN: 78 Ask: Verb:be,TN: 78 Ask: Verb:be
102,TN: 81 Ask: Verb:featured,TN: 77 Ask: Verb:featured,TN: 76 Ask: Verb:featured,TN: 79 Ask: Verb:featured,TN: 79 Ask: Verb:featured,TN: 79 Ask: Verb:featured,TN: 79 Ask: Verb:featured
103,TN: 82 Ask: Verb:win,TN: 78 Ask: Verb:win,TN: 77 Ask: Verb:win,TN: 80 Ask: Verb:win,TN: 80 Ask: Verb:win,TN: 80 Ask: Verb:win,TN: 80 Ask: Verb:win
104,TN: 83 Ask: Verb:pets,TN: 79 Ask: Verb:pets,TN: 78 Ask: Verb:pets,TN: 81 Ask: Verb:pets,TN: 81 Ask: Verb:pets,TN: 81 Ask: Verb:pets,TN: 81 Ask: Verb:pets
105,TN: 84 Ask: Verb:brought,FP: 9 Ask:PERFORM Verb:brought,FP: 7 Ask:PERFORM Verb:brought,TN: 82 Ask: Verb:brought,TN: 82 Ask: Verb:brought,TN: 82 Ask: Verb:brought,TN: 82 Ask: Verb:brought
106,TN: 85 Ask: Verb:is,TN: 80 Ask: Verb:is,TN: 79 Ask: Verb:is,TN: 83 Ask: Verb:is,TN: 83 Ask: Verb:is,TN: 83 Ask: Verb:is,TN: 83 Ask: Verb:is
107,TN: 86 Ask: Verb:DogsAreFun.com,TN: 81 Ask: Verb:DogsAreFun.com,TN: 80 Ask: Verb:DogsAreFun.com,TN: 84 Ask: Verb:DogsAreFun.com,TN: 84 Ask: Verb:DogsAreFun.com,TN: 84 Ask: Verb:DogsAreFun.com,TN: 84 Ask: Verb:DogsAreFun.com
108,TN: 87 Ask: Verb:contest,TN: 82 Ask: Verb:contest,TN: 81 Ask: Verb:contest,TN: 85 Ask: Verb:contest,TN: 85 Ask: Verb:contest,TN: 85 Ask: Verb:contest,TN: 85 Ask: Verb:contest
109,TN: 88 Ask: Verb:this,TN: 83 Ask: Verb:this,TN: 82 Ask: Verb:this,TN: 86 Ask: Verb:this,TN: 86 Ask: Verb:this,TN: 86 Ask: Verb:this,TN: 86 Ask: Verb:this
110,FN: 19 Ask: Verb:enter,FN: 16 Ask: Verb:enter,FN: 7 Ask: Verb:enter,FN: 9 Ask: Verb:enter,FN: 8 Ask: Verb:enter,FN: 8 Ask: Verb:enter,FN: 8 Ask: Verb:enter
111,TN: 89 Ask: Verb:have,TN: 84 Ask: Verb:have,TN: 83 Ask: Verb:have,TN: 87 Ask: Verb:have,TN: 87 Ask: Verb:have,TN: 87 Ask: Verb:have,TN: 87 Ask: Verb:have
112,TN: 90 Ask: Verb:featured,TN: 85 Ask: Verb:featured,TN: 84 Ask: Verb:featured,TN: 88 Ask: Verb:featured,TN: 88 Ask: Verb:featured,TN: 88 Ask: Verb:featured,TN: 88 Ask: Verb:featured
113,TN: 91 Ask: Verb:plus,TN: 86 Ask: Verb:plus,TN: 85 Ask: Verb:plus,TN: 89 Ask: Verb:plus,TN: 89 Ask: Verb:plus,TN: 89 Ask: Verb:plus,TN: 89 Ask: Verb:plus
114,TN: 92 Ask: Verb:by,TN: 87 Ask: Verb:by,TN: 86 Ask: Verb:by,TN: 90 Ask: Verb:by,TN: 90 Ask: Verb:by,TN: 90 Ask: Verb:by,TN: 90 Ask: Verb:by
115,FN: 20 Ask: Verb:enter,FN: 17 Ask: Verb:enter,FN: 8 Ask: Verb:enter,FN: 10 Ask: Verb:enter,FN: 9 Ask: Verb:enter,FN: 9 Ask: Verb:enter,FN: 9 Ask: Verb:enter
116,FN: 21 Ask: Verb:submit,FN: 18 Ask: Verb:submit,FN: 9 Ask: Verb:submit,FN: 11 Ask: Verb:submit,FN: 10 Ask: Verb:submit,FN: 10 Ask: Verb:submit,FN: 10 Ask: Verb:submit
117,TN: 93 Ask: Verb:all,TN: 88 Ask: Verb:all,TN: 87 Ask: Verb:all,TN: 91 Ask: Verb:all,TN: 91 Ask: Verb:all,TN: 91 Ask: Verb:all,TN: 91 Ask: Verb:all
118,TN: 94 Ask: Verb:categories,TN: 89 Ask: Verb:categories,TN: 88 Ask: Verb:categories,TN: 92 Ask: Verb:categories,TN: 92 Ask: Verb:categories,TN: 92 Ask: Verb:categories,TN: 92 Ask: Verb:categories
119,TN: 95 Ask: Verb:following,TN: 90 Ask: Verb:following,TN: 89 Ask: Verb:following,TN: 93 Ask: Verb:following,TN: 93 Ask: Verb:following,TN: 93 Ask: Verb:following,TN: 93 Ask: Verb:following
120,TN: 96 Ask: Verb:dog,TN: 91 Ask: Verb:dog,TN: 90 Ask: Verb:dog,TN: 94 Ask: Verb:dog,TN: 94 Ask: Verb:dog,TN: 94 Ask: Verb:dog,TN: 94 Ask: Verb:dog
121,TN: 97 Ask: Verb:presented,TN: 92 Ask: Verb:presented,TN: 91 Ask: Verb:presented,TN: 95 Ask: Verb:presented,TN: 95 Ask: Verb:presented,TN: 95 Ask: Verb:presented,TN: 95 Ask: Verb:presented
122,TN: 98 Ask: Verb:get,TN: 93 Ask: Verb:get,TN: 92 Ask: Verb:get,TN: 96 Ask: Verb:get,TN: 96 Ask: Verb:get,TN: 96 Ask: Verb:get,TN: 96 Ask: Verb:get
123,TN: 99 Ask: Verb:presented,TN: 94 Ask: Verb:presented,TN: 93 Ask: Verb:presented,TN: 97 Ask: Verb:presented,TN: 97 Ask: Verb:presented,TN: 97 Ask: Verb:presented,TN: 97 Ask: Verb:presented
124,TN: 100 Ask: Verb:sleeping,TN: 95 Ask: Verb:sleeping,TN: 94 Ask: Verb:sleeping,TN: 98 Ask: Verb:sleeping,TN: 98 Ask: Verb:sleeping,TN: 98 Ask: Verb:sleeping,TN: 98 Ask: Verb:sleeping
125,TN: 101 Ask: Verb:pick,TN: 96 Ask: Verb:pick,TN: 95 Ask: Verb:pick,TN: 99 Ask: Verb:pick,TN: 99 Ask: Verb:pick,TN: 99 Ask: Verb:pick,TN: 99 Ask: Verb:pick
126,FN: 22 Ask: Verb:submit,FN: 19 Ask: Verb:submit,FN: 10 Ask: Verb:submit,FN: 12 Ask: Verb:submit,FN: 11 Ask: Verb:submit,FN: 11 Ask: Verb:submit,FN: 11 Ask: Verb:submit
127,FN: 23 Ask: Verb:vote,FP: 10 Ask:GIVE Verb:vote,FP: 8 Ask:GIVE Verb:vote,FP: 4 Ask:GIVE Verb:vote,FP: 4 Ask:GIVE Verb:vote,FP: 4 Ask:GIVE Verb:vote,FP: 4 Ask:GIVE Verb:vote
128,TN: 102 Ask: Verb:three,TN: 97 Ask: Verb:three,TN: 96 Ask: Verb:three,TN: 100 Ask: Verb:three,TN: 100 Ask: Verb:three,TN: 100 Ask: Verb:three,TN: 100 Ask: Verb:three
129,TN: 103 Ask: Verb:winners,TN: 98 Ask: Verb:winners,TN: 97 Ask: Verb:winners,TN: 101 Ask: Verb:winners,TN: 101 Ask: Verb:winners,TN: 101 Ask: Verb:winners,TN: 101 Ask: Verb:winners
130,TN: 104 Ask: Verb:are,TN: 99 Ask: Verb:are,TN: 98 Ask: Verb:are,TN: 102 Ask: Verb:are,TN: 102 Ask: Verb:are,TN: 102 Ask: Verb:are,TN: 102 Ask: Verb:are
131,TN: 105 Ask: Verb:waiting,TN: 100 Ask: Verb:waiting,TN: 99 Ask: Verb:waiting,TN: 103 Ask: Verb:waiting,TN: 103 Ask: Verb:waiting,TN: 103 Ask: Verb:waiting,TN: 103 Ask: Verb:waiting
132,FP: 3 Ask:PERFORM Verb:ends,TN: 101 Ask: Verb:ends,TN: 100 Ask: Verb:ends,TN: 104 Ask: Verb:ends,TN: 104 Ask: Verb:ends,TN: 104 Ask: Verb:ends,TN: 104 Ask: Verb:ends
133,FN: 24 Ask: Verb:starts,FN: 20 Ask: Verb:starts,TP: 15 Ask:PERFORM Verb:starts,TP: 13 Ask:PERFORM Verb:starts,TP: 14 Ask:PERFORM Verb:starts,TP: 14 Ask:PERFORM Verb:starts,TP: 14 Ask:PERFORM Verb:starts
134,TN: 106 Ask: Verb:reserved,TN: 102 Ask: Verb:reserved,TN: 101 Ask: Verb:reserved,TN: 105 Ask: Verb:reserved,TN: 105 Ask: Verb:reserved,TN: 105 Ask: Verb:reserved,TN: 105 Ask: Verb:reserved
135,TN: 107 Ask: Verb:©,TN: 103 Ask: Verb:©,TN: 102 Ask: Verb:©,TN: 106 Ask: Verb:©,TN: 106 Ask: Verb:©,TN: 106 Ask: Verb:©,TN: 106 Ask: Verb:©
136,TN: 108 Ask: Verb:media,TN: 104 Ask: Verb:media,TN: 103 Ask: Verb:media,TN: 107 Ask: Verb:media,TN: 107 Ask: Verb:media,TN: 107 Ask: Verb:media,TN: 107 Ask: Verb:media
137,TN: 109 Ask: Verb:|,TN: 105 Ask: Verb:|,TN: 104 Ask: Verb:|,TN: 108 Ask: Verb:|,TN: 108 Ask: Verb:|,TN: 108 Ask: Verb:|,TN: 108 Ask: Verb:|
138,TN: 110 Ask: Verb:avenue,TN: 106 Ask: Verb:avenue,TN: 105 Ask: Verb:avenue,TN: 109 Ask: Verb:avenue,TN: 109 Ask: Verb:avenue,TN: 109 Ask: Verb:avenue,TN: 109 Ask: Verb:avenue
139,TN: 111 Ask: Verb:intended,TN: 107 Ask: Verb:intended,TN: 106 Ask: Verb:intended,TN: 110 Ask: Verb:intended,TN: 110 Ask: Verb:intended,TN: 110 Ask: Verb:intended,TN: 110 Ask: Verb:intended
140,TN: 112 Ask: Verb:was,TN: 108 Ask: Verb:was,TN: 107 Ask: Verb:was,TN: 111 Ask: Verb:was,TN: 111 Ask: Verb:was,TN: 111 Ask: Verb:was,TN: 111 Ask: Verb:was
141,TN: 113 Ask: Verb:policy,TN: 109 Ask: Verb:policy,TN: 108 Ask: Verb:policy,TN: 112 Ask: Verb:policy,TN: 112 Ask: Verb:policy,TN: 112 Ask: Verb:policy,TN: 112 Ask: Verb:policy
142,TN: 114 Ask: Verb:|,TN: 110 Ask: Verb:|,TN: 109 Ask: Verb:|,TN: 113 Ask: Verb:|,TN: 113 Ask: Verb:|,TN: 113 Ask: Verb:|,TN: 113 Ask: Verb:|
143,FN: 25 Ask: Verb:unsubscribe,FN: 21 Ask: Verb:unsubscribe,FN: 11 Ask: Verb:unsubscribe,FN: 13 Ask: Verb:unsubscribe,FN: 12 Ask: Verb:unsubscribe,FN: 12 Ask: Verb:unsubscribe,FN: 12 Ask: Verb:unsubscribe
144,FN: 26 Ask: Verb:view,TP: 3 Ask:PERFORM Verb:view,TP: 16 Ask:PERFORM Verb:view,TP: 14 Ask:PERFORM Verb:view,TP: 15 Ask:PERFORM Verb:view,TP: 15 Ask:PERFORM Verb:view,TP: 15 Ask:PERFORM Verb:view
145,TN: 115 Ask: Verb:receive,TN: 111 Ask: Verb:receive,FP: 9 Ask:PERFORM Verb:receive,FP: 5 Ask:PERFORM Verb:receive,FP: 5 Ask:PERFORM Verb:receive,FP: 5 Ask:PERFORM Verb:receive,FP: 5 Ask:PERFORM Verb:receive
146,TN: 116 Ask: Verb:is,TN: 112 Ask: Verb:is,TN: 110 Ask: Verb:is,TN: 114 Ask: Verb:is,TN: 114 Ask: Verb:is,TN: 114 Ask: Verb:is,TN: 114 Ask: Verb:is
147,FP: 4 Ask:PERFORM Verb:done,TN: 113 Ask: Verb:done,TN: 111 Ask: Verb:done,TN: 115 Ask: Verb:done,TN: 115 Ask: Verb:done,TN: 115 Ask: Verb:done,TN: 115 Ask: Verb:done
148,TN: 117 Ask: Verb:assured,TN: 114 Ask: Verb:assured,TN: 112 Ask: Verb:assured,TN: 116 Ask: Verb:assured,TN: 116 Ask: Verb:assured,TN: 116 Ask: Verb:assured,TN: 116 Ask: Verb:assured
149,TN: 118 Ask: Verb:help,TN: 115 Ask: Verb:help,FP: 10 Ask:PERFORM Verb:help,FP: 6 Ask:PERFORM Verb:help,FP: 6 Ask:PERFORM Verb:help,FP: 6 Ask:PERFORM Verb:help,FP: 6 Ask:PERFORM Verb:help
150,TN: 119 Ask: Verb:are,TN: 116 Ask: Verb:are,TN: 113 Ask: Verb:are,TN: 117 Ask: Verb:are,TN: 117 Ask: Verb:are,TN: 117 Ask: Verb:are,TN: 117 Ask: Verb:are
151,TN: 120 Ask: Verb:free,TN: 117 Ask: Verb:free,TN: 114 Ask: Verb:free,TN: 118 Ask: Verb:free,TN: 118 Ask: Verb:free,TN: 118 Ask: Verb:free,TN: 118 Ask: Verb:free
152,FN: 27 Ask: Verb:write,FN: 22 Ask: Verb:write,FN: 12 Ask: Verb:write,FN: 14 Ask: Verb:write,FN: 13 Ask: Verb:write,FN: 13 Ask: Verb:write,FN: 13 Ask: Verb:write
153,TN: 121 Ask: Verb:filing,TN: 118 Ask: Verb:filing,TN: 115 Ask: Verb:filing,TN: 119 Ask: Verb:filing,TN: 119 Ask: Verb:filing,TN: 119 Ask: Verb:filing,TN: 119 Ask: Verb:filing
154,TN: 122 Ask: Verb:sarah,TN: 119 Ask: Verb:sarah,TN: 116 Ask: Verb:sarah,TN: 120 Ask: Verb:sarah,TN: 120 Ask: Verb:sarah,TN: 120 Ask: Verb:sarah,TN: 120 Ask: Verb:sarah
155,FN: 28 Ask: Verb:send,FP: 11 Ask:GIVE Verb:send,TP: 17 Ask:PERFORM Verb:send,TP: 15 Ask:PERFORM Verb:send,TP: 16 Ask:PERFORM Verb:send,TP: 16 Ask:PERFORM Verb:send,TP: 16 Ask:PERFORM Verb:send
156,TN: 123 Ask: Verb:get,TN: 120 Ask: Verb:get,TN: 117 Ask: Verb:get,TN: 121 Ask: Verb:get,TN: 121 Ask: Verb:get,TN: 121 Ask: Verb:get,TN: 121 Ask: Verb:get
157,TN: 124 Ask: Verb:regards,TN: 121 Ask: Verb:regards,TN: 118 Ask: Verb:regards,TN: 122 Ask: Verb:regards,TN: 122 Ask: Verb:regards,TN: 122 Ask: Verb:regards,TN: 122 Ask: Verb:regards
158,TN: 125 Ask: Verb:linden,TN: 122 Ask: Verb:linden,TN: 119 Ask: Verb:linden,TN: 123 Ask: Verb:linden,TN: 123 Ask: Verb:linden,TN: 123 Ask: Verb:linden,TN: 123 Ask: Verb:linden
159,TN: 126 Ask: Verb:johnson,TN: 123 Ask: Verb:johnson,TN: 120 Ask: Verb:johnson,TN: 124 Ask: Verb:johnson,TN: 124 Ask: Verb:johnson,TN: 124 Ask: Verb:johnson,TN: 124 Ask: Verb:johnson
160,TN: 127 Ask: Verb:invitation,TN: 124 Ask: Verb:invitation,TN: 121 Ask: Verb:invitation,TN: 125 Ask: Verb:invitation,TN: 125 Ask: Verb:invitation,TN: 125 Ask: Verb:invitation,TN: 125 Ask: Verb:invitation
161,TN: 128 Ask: Verb:held,TN: 125 Ask: Verb:held,TN: 122 Ask: Verb:held,TN: 126 Ask: Verb:held,TN: 126 Ask: Verb:held,TN: 126 Ask: Verb:held,TN: 126 Ask: Verb:held
162,TN: 129 Ask: Verb:be,TN: 126 Ask: Verb:be,TN: 123 Ask: Verb:be,TN: 127 Ask: Verb:be,TN: 127 Ask: Verb:be,TN: 127 Ask: Verb:be,TN: 127 Ask: Verb:be
163,TN: 130 Ask: Verb:organized,TN: 127 Ask: Verb:organized,TN: 124 Ask: Verb:organized,TN: 128 Ask: Verb:organized,TN: 128 Ask: Verb:organized,TN: 128 Ask: Verb:organized,TN: 128 Ask: Verb:organized
164,TN: 131 Ask: Verb:is,TN: 128 Ask: Verb:is,TN: 125 Ask: Verb:is,TN: 129 Ask: Verb:is,TN: 129 Ask: Verb:is,TN: 129 Ask: Verb:is,TN: 129 Ask: Verb:is
165,TN: 132 Ask: Verb:supported,TN: 129 Ask: Verb:supported,FP: 11 Ask:PERFORM Verb:supported,TN: 130 Ask: Verb:supported,TN: 130 Ask: Verb:supported,TN: 130 Ask: Verb:supported,TN: 130 Ask: Verb:supported
166,TP: 2 Ask:PERFORM Verb:take,TP: 4 Ask:PERFORM Verb:take,TP: 18 Ask:PERFORM Verb:take,TP: 16 Ask:PERFORM Verb:take,TP: 17 Ask:PERFORM Verb:take,TP: 17 Ask:PERFORM Verb:take,TP: 17 Ask:PERFORM Verb:take
167,TN: 133 Ask: Verb:own,TN: 130 Ask: Verb:own,TN: 126 Ask: Verb:own,TN: 131 Ask: Verb:own,TN: 131 Ask: Verb:own,TN: 131 Ask: Verb:own,TN: 131 Ask: Verb:own
168,TN: 134 Ask: Verb:invite,TN: 131 Ask: Verb:invite,TN: 127 Ask: Verb:invite,TN: 132 Ask: Verb:invite,TN: 132 Ask: Verb:invite,TN: 132 Ask: Verb:invite,TN: 132 Ask: Verb:invite
169,TN: 135 Ask: Verb:organizing,TN: 132 Ask: Verb:organizing,TN: 128 Ask: Verb:organizing,TN: 133 Ask: Verb:organizing,TN: 133 Ask: Verb:organizing,TN: 133 Ask: Verb:organizing,TN: 133 Ask: Verb:organizing
170,FN: 29 Ask: Verb:join,FN: 23 Ask: Verb:join,FN: 13 Ask: Verb:join,FN: 15 Ask: Verb:join,FN: 14 Ask: Verb:join,FN: 14 Ask: Verb:join,FN: 14 Ask: Verb:join
171,TN: 136 Ask: Verb:elements,TN: 133 Ask: Verb:elements,TN: 129 Ask: Verb:elements,TN: 134 Ask: Verb:elements,TN: 134 Ask: Verb:elements,TN: 134 Ask: Verb:elements,TN: 134 Ask: Verb:elements
172,TN: 137 Ask: Verb:are,TN: 134 Ask: Verb:are,TN: 130 Ask: Verb:are,TN: 135 Ask: Verb:are,TN: 135 Ask: Verb:are,TN: 135 Ask: Verb:are,TN: 135 Ask: Verb:are
173,TN: 138 Ask: Verb:enjoy,TN: 135 Ask: Verb:enjoy,TN: 131 Ask: Verb:enjoy,TN: 136 Ask: Verb:enjoy,TN: 136 Ask: Verb:enjoy,TN: 136 Ask: Verb:enjoy,TN: 136 Ask: Verb:enjoy
174,FN: 30 Ask: Verb:joining,FN: 24 Ask: Verb:joining,FN: 14 Ask: Verb:joining,FN: 16 Ask: Verb:joining,FN: 15 Ask: Verb:joining,FN: 15 Ask: Verb:joining,FN: 15 Ask: Verb:joining
175,TN: 139 Ask: Verb:networking,TN: 136 Ask: Verb:networking,TN: 132 Ask: Verb:networking,TN: 137 Ask: Verb:networking,TN: 137 Ask: Verb:networking,TN: 137 Ask: Verb:networking,TN: 137 Ask: Verb:networking
176,TN: 140 Ask: Verb:get,TN: 137 Ask: Verb:get,TN: 133 Ask: Verb:get,TN: 138 Ask: Verb:get,TN: 138 Ask: Verb:get,TN: 138 Ask: Verb:get,TN: 138 Ask: Verb:get
177,TN: 141 Ask: Verb:value,FP: 12 Ask:PERFORM Verb:value,FP: 12 Ask:PERFORM Verb:value,FP: 7 Ask:PERFORM Verb:value,FP: 7 Ask:PERFORM Verb:value,FP: 7 Ask:PERFORM Verb:value,FP: 7 Ask:PERFORM Verb:value
178,FN: 31 Ask: Verb:joining,FN: 25 Ask: Verb:joining,FN: 15 Ask: Verb:joining,FN: 17 Ask: Verb:joining,FN: 16 Ask: Verb:joining,FN: 16 Ask: Verb:joining,FN: 16 Ask: Verb:joining
179,TN: 142 Ask: Verb:shape,TN: 138 Ask: Verb:shape,TN: 134 Ask: Verb:shape,TN: 139 Ask: Verb:shape,TN: 139 Ask: Verb:shape,TN: 139 Ask: Verb:shape,TN: 139 Ask: Verb:shape
180,FN: 32 Ask: Verb:contribute,TP: 5 Ask:GIVE Verb:contribute,TP: 19 Ask:GIVE Verb:contribute,TP: 17 Ask:GIVE Verb:contribute,TP: 18 Ask:GIVE Verb:contribute,TP: 18 Ask:GIVE Verb:contribute,TP: 18 Ask:GIVE Verb:contribute
181,TN: 143 Ask: Verb:enjoy,TN: 139 Ask: Verb:enjoy,TN: 135 Ask: Verb:enjoy,TN: 140 Ask: Verb:enjoy,TN: 140 Ask: Verb:enjoy,TN: 140 Ask: Verb:enjoy,TN: 140 Ask: Verb:enjoy
182,TN: 144 Ask: Verb:offer,FP: 13 Ask:GIVE Verb:offer,FP: 13 Ask:GIVE Verb:offer,FP: 8 Ask:GIVE Verb:offer,FP: 8 Ask:GIVE Verb:offer,FP: 8 Ask:GIVE Verb:offer,FP: 8 Ask:GIVE Verb:offer
183,TN: 145 Ask: Verb:1,TN: 140 Ask: Verb:1,TN: 136 Ask: Verb:1,TN: 141 Ask: Verb:1,TN: 141 Ask: Verb:1,TN: 141 Ask: Verb:1,TN: 141 Ask: Verb:1
184,FN: 33 Ask: Verb:join,FN: 26 Ask: Verb:join,FN: 16 Ask: Verb:join,FN: 18 Ask: Verb:join,FN: 17 Ask: Verb:join,FN: 17 Ask: Verb:join,FN: 17 Ask: Verb:join
185,FN: 34 Ask: Verb:asses,FN: 27 Ask: Verb:asses,FN: 17 Ask: Verb:asses,FN: 19 Ask: Verb:asses,FN: 18 Ask: Verb:asses,FN: 18 Ask: Verb:asses,FN: 18 Ask: Verb:asses
186,TN: 146 Ask: Verb:2,TN: 141 Ask: Verb:2,TN: 137 Ask: Verb:2,TN: 142 Ask: Verb:2,TN: 142 Ask: Verb:2,TN: 142 Ask: Verb:2,TN: 142 Ask: Verb:2
187,TN: 147 Ask: Verb:usd,TN: 142 Ask: Verb:usd,TN: 138 Ask: Verb:usd,TN: 143 Ask: Verb:usd,TN: 143 Ask: Verb:usd,TN: 143 Ask: Verb:usd,TN: 143 Ask: Verb:usd
188,TN: 148 Ask: Verb:3,TN: 143 Ask: Verb:3,TN: 139 Ask: Verb:3,TN: 144 Ask: Verb:3,TN: 144 Ask: Verb:3,TN: 144 Ask: Verb:3,TN: 144 Ask: Verb:3
189,TN: 149 Ask: Verb:offered,FP: 14 Ask:GIVE Verb:offered,FP: 14 Ask:GIVE Verb:offered,TN: 145 Ask: Verb:offered,TN: 145 Ask: Verb:offered,TN: 145 Ask: Verb:offered,TN: 145 Ask: Verb:offered
190,TN: 150 Ask: Verb:4,TN: 144 Ask: Verb:4,TN: 140 Ask: Verb:4,TN: 146 Ask: Verb:4,TN: 146 Ask: Verb:4,TN: 146 Ask: Verb:4,TN: 146 Ask: Verb:4
191,TN: 151 Ask: Verb:certificate,TN: 145 Ask: Verb:certificate,TN: 141 Ask: Verb:certificate,TN: 147 Ask: Verb:certificate,TN: 147 Ask: Verb:certificate,TN: 147 Ask: Verb:certificate,TN: 147 Ask: Verb:certificate
192,TN: 152 Ask: Verb:materials,TN: 146 Ask: Verb:materials,TN: 142 Ask: Verb:materials,TN: 148 Ask: Verb:materials,TN: 148 Ask: Verb:materials,TN: 148 Ask: Verb:materials,TN: 148 Ask: Verb:materials
193,TN: 153 Ask: Verb:5,TN: 147 Ask: Verb:5,TN: 143 Ask: Verb:5,TN: 149 Ask: Verb:5,TN: 149 Ask: Verb:5,TN: 149 Ask: Verb:5,TN: 149 Ask: Verb:5
194,FN: 35 Ask: Verb:open,FN: 28 Ask: Verb:open,TP: 20 Ask:PERFORM Verb:open,TP: 18 Ask:PERFORM Verb:open,TP: 19 Ask:PERFORM Verb:open,TP: 19 Ask:PERFORM Verb:open,TP: 19 Ask:PERFORM Verb:open
195,TN: 154 Ask: Verb:6,TN: 148 Ask: Verb:6,TN: 144 Ask: Verb:6,TN: 150 Ask: Verb:6,TN: 150 Ask: Verb:6,TN: 150 Ask: Verb:6,TN: 150 Ask: Verb:6
196,TN: 155 Ask: Verb:reception,TN: 149 Ask: Verb:reception,TN: 145 Ask: Verb:reception,TN: 151 Ask: Verb:reception,TN: 151 Ask: Verb:reception,TN: 151 Ask: Verb:reception,TN: 151 Ask: Verb:reception
197,TN: 156 Ask: Verb:services,TN: 150 Ask: Verb:services,TN: 146 Ask: Verb:services,TN: 152 Ask: Verb:services,TN: 152 Ask: Verb:services,TN: 152 Ask: Verb:services,TN: 152 Ask: Verb:services
198,TN: 157 Ask: Verb:7,TN: 151 Ask: Verb:7,TN: 147 Ask: Verb:7,TN: 153 Ask: Verb:7,TN: 153 Ask: Verb:7,TN: 153 Ask: Verb:7,TN: 153 Ask: Verb:7
199,TN: 158 Ask: Verb:promote,TN: 152 Ask: Verb:promote,TN: 148 Ask: Verb:promote,TN: 154 Ask: Verb:promote,TN: 154 Ask: Verb:promote,TN: 154 Ask: Verb:promote,TN: 154 Ask: Verb:promote
200,TN: 159 Ask: Verb:website,TN: 153 Ask: Verb:website,TN: 149 Ask: Verb:website,TN: 155 Ask: Verb:website,TN: 155 Ask: Verb:website,TN: 155 Ask: Verb:website,TN: 155 Ask: Verb:website
201,TN: 160 Ask: Verb:venue,TN: 154 Ask: Verb:venue,TN: 150 Ask: Verb:venue,TN: 156 Ask: Verb:venue,TN: 156 Ask: Verb:venue,TN: 156 Ask: Verb:venue,TN: 156 Ask: Verb:venue
202,FN: 36 Ask: Verb:confirm,FN: 29 Ask: Verb:confirm,TP: 21 Ask:PERFORM Verb:confirm,TP: 19 Ask:PERFORM Verb:confirm,TP: 20 Ask:PERFORM Verb:confirm,TP: 20 Ask:PERFORM Verb:confirm,TP: 20 Ask:PERFORM Verb:confirm
203,FN: 37 Ask: Verb:send,FP: 15 Ask:GIVE Verb:send,TP: 22 Ask:PERFORM Verb:send,TP: 20 Ask:PERFORM Verb:send,TP: 21 Ask:PERFORM Verb:send,TP: 21 Ask:PERFORM Verb:send,TP: 21 Ask:PERFORM Verb:send
204,TN: 161 Ask: Verb:agree,TN: 155 Ask: Verb:agree,TN: 151 Ask: Verb:agree,TN: 157 Ask: Verb:agree,TN: 157 Ask: Verb:agree,TN: 157 Ask: Verb:agree,TN: 157 Ask: Verb:agree
205,FN: 38 Ask: Verb:join,FN: 30 Ask: Verb:join,FN: 18 Ask: Verb:join,FN: 20 Ask: Verb:join,FN: 19 Ask: Verb:join,FN: 19 Ask: Verb:join,FN: 19 Ask: Verb:join
206,TN: 162 Ask: Verb:please,TN: 156 Ask: Verb:please,TN: 152 Ask: Verb:please,TN: 158 Ask: Verb:please,TN: 158 Ask: Verb:please,TN: 158 Ask: Verb:please,TN: 158 Ask: Verb:please
207,TN: 163 Ask: Verb:resume,TN: 157 Ask: Verb:resume,TN: 153 Ask: Verb:resume,TN: 159 Ask: Verb:resume,TN: 159 Ask: Verb:resume,TN: 159 Ask: Verb:resume,TN: 159 Ask: Verb:resume
208,TN: 164 Ask: Verb:thank,TN: 158 Ask: Verb:thank,TN: 154 Ask: Verb:thank,TN: 160 Ask: Verb:thank,TN: 160 Ask: Verb:thank,TN: 160 Ask: Verb:thank,TN: 160 Ask: Verb:thank
209,FN: 39 Ask: Verb:considering,FN: 31 Ask: Verb:considering,TP: 23 Ask:PERFORM Verb:considering,FN: 21 Ask: Verb:considering,FN: 20 Ask: Verb:considering,FN: 20 Ask: Verb:considering,FN: 20 Ask: Verb:considering
210,FN: 40 Ask: Verb:reached,FN: 32 Ask: Verb:reached,FN: 19 Ask: Verb:reached,FN: 22 Ask: Verb:reached,FN: 21 Ask: Verb:reached,FN: 21 Ask: Verb:reached,FN: 21 Ask: Verb:reached
211,TN: 165 Ask: Verb:have,TN: 159 Ask: Verb:have,TN: 155 Ask: Verb:have,TN: 161 Ask: Verb:have,TN: 161 Ask: Verb:have,TN: 161 Ask: Verb:have,TN: 161 Ask: Verb:have
212,TN: 166 Ask: Verb:be,TN: 160 Ask: Verb:be,TN: 156 Ask: Verb:be,TN: 162 Ask: Verb:be,TN: 162 Ask: Verb:be,TN: 162 Ask: Verb:be,TN: 162 Ask: Verb:be
213,TN: 167 Ask: Verb:looking,TN: 161 Ask: Verb:looking,FP: 15 Ask:PERFORM Verb:looking,TN: 163 Ask: Verb:looking,TN: 163 Ask: Verb:looking,TN: 163 Ask: Verb:looking,TN: 163 Ask: Verb:looking
214,TN: 168 Ask: Verb:regards,TN: 162 Ask: Verb:regards,TN: 157 Ask: Verb:regards,TN: 164 Ask: Verb:regards,TN: 164 Ask: Verb:regards,TN: 164 Ask: Verb:regards,TN: 164 Ask: Verb:regards
215,TN: 169 Ask: Verb:--,TN: 163 Ask: Verb:--,TN: 158 Ask: Verb:--,TN: 165 Ask: Verb:--,TN: 165 Ask: Verb:--,TN: 165 Ask: Verb:--,TN: 165 Ask: Verb:--
216,TN: 170 Ask: Verb:sincerely,TN: 164 Ask: Verb:sincerely,TN: 159 Ask: Verb:sincerely,TN: 166 Ask: Verb:sincerely,TN: 166 Ask: Verb:sincerely,TN: 166 Ask: Verb:sincerely,TN: 166 Ask: Verb:sincerely
217,TN: 171 Ask: Verb:teller,TN: 165 Ask: Verb:teller,TN: 160 Ask: Verb:teller,TN: 167 Ask: Verb:teller,TN: 167 Ask: Verb:teller,TN: 167 Ask: Verb:teller,TN: 167 Ask: Verb:teller
218,TN: 172 Ask: Verb:conference,TN: 166 Ask: Verb:conference,TN: 161 Ask: Verb:conference,TN: 168 Ask: Verb:conference,TN: 168 Ask: Verb:conference,TN: 168 Ask: Verb:conference,TN: 168 Ask: Verb:conference
219,TN: 173 Ask: Verb:www.IntSciEng.org,TN: 167 Ask: Verb:www.IntSciEng.org,TN: 162 Ask: Verb:www.IntSciEng.org,TN: 169 Ask: Verb:www.IntSciEng.org,TN: 169 Ask: Verb:www.IntSciEng.org,TN: 169 Ask: Verb:www.IntSciEng.org,TN: 169 Ask: Verb:www.IntSciEng.org
220,TN: 174 Ask: Verb:flat/rm,TN: 168 Ask: Verb:flat/rm,TN: 163 Ask: Verb:flat/rm,TN: 170 Ask: Verb:flat/rm,TN: 170 Ask: Verb:flat/rm,TN: 170 Ask: Verb:flat/rm,TN: 170 Ask: Verb:flat/rm
221,TN: 175 Ask: Verb:email,TN: 169 Ask: Verb:email,TN: 164 Ask: Verb:email,TN: 171 Ask: Verb:email,TN: 171 Ask: Verb:email,TN: 171 Ask: Verb:email,TN: 171 Ask: Verb:email
222,TN: 176 Ask: Verb:confcommittee@IntSciEng.org,TN: 170 Ask: Verb:confcommittee@IntSciEng.org,TN: 165 Ask: Verb:confcommittee@IntSciEng.org,TN: 172 Ask: Verb:confcommittee@IntSciEng.org,TN: 172 Ask: Verb:confcommittee@IntSciEng.org,TN: 172 Ask: Verb:confcommittee@IntSciEng.org,TN: 172 Ask: Verb:confcommittee@IntSciEng.org
223,TN: 177 Ask: Verb:tel,TN: 171 Ask: Verb:tel,TN: 166 Ask: Verb:tel,TN: 173 Ask: Verb:tel,TN: 173 Ask: Verb:tel,TN: 173 Ask: Verb:tel,TN: 173 Ask: Verb:tel
224,TN: 178 Ask: Verb:-4999939,TN: 172 Ask: Verb:-4999939,TN: 167 Ask: Verb:-4999939,TN: 174 Ask: Verb:-4999939,TN: 174 Ask: Verb:-4999939,TN: 174 Ask: Verb:-4999939,TN: 174 Ask: Verb:-4999939
225,TN: 179 Ask: Verb:break,TN: 173 Ask: Verb:break,TN: 168 Ask: Verb:break,TN: 175 Ask: Verb:break,TN: 175 Ask: Verb:break,TN: 175 Ask: Verb:break,TN: 175 Ask: Verb:break
226,TN: 180 Ask: Verb:hack,TN: 174 Ask: Verb:hack,TN: 169 Ask: Verb:hack,TN: 176 Ask: Verb:hack,TN: 176 Ask: Verb:hack,TN: 176 Ask: Verb:hack,TN: 176 Ask: Verb:hack
227,TN: 181 Ask: Verb:checking,TN: 175 Ask: Verb:checking,TN: 170 Ask: Verb:checking,TN: 177 Ask: Verb:checking,TN: 177 Ask: Verb:checking,TN: 177 Ask: Verb:checking,TN: 177 Ask: Verb:checking
228,TN: 182 Ask: Verb:are,TN: 176 Ask: Verb:are,TN: 171 Ask: Verb:are,TN: 178 Ask: Verb:are,TN: 178 Ask: Verb:are,TN: 178 Ask: Verb:are,TN: 178 Ask: Verb:are
229,FN: 41 Ask: Verb:give,TP: 6 Ask:GIVE Verb:give,TP: 24 Ask:GIVE Verb:give,TP: 21 Ask:GIVE Verb:give,TP: 22 Ask:GIVE Verb:give,TP: 22 Ask:GIVE Verb:give,TP: 22 Ask:GIVE Verb:give
230,TP: 3 Ask:PERFORM Verb:do,FN: 33 Ask: Verb:do,FN: 20 Ask: Verb:do,FN: 23 Ask: Verb:do,FN: 22 Ask: Verb:do,FN: 22 Ask: Verb:do,FN: 22 Ask: Verb:do
231,TN: 183 Ask: Verb:owners,TN: 177 Ask: Verb:owners,TN: 172 Ask: Verb:owners,TN: 179 Ask: Verb:owners,TN: 179 Ask: Verb:owners,TN: 179 Ask: Verb:owners,TN: 179 Ask: Verb:owners
232,TN: 184 Ask: Verb:therapy,TN: 178 Ask: Verb:therapy,TN: 173 Ask: Verb:therapy,TN: 180 Ask: Verb:therapy,TN: 180 Ask: Verb:therapy,TN: 180 Ask: Verb:therapy,TN: 180 Ask: Verb:therapy
233,TN: 185 Ask: Verb:brought,FP: 16 Ask:PERFORM Verb:brought,FP: 16 Ask:PERFORM Verb:brought,TN: 181 Ask: Verb:brought,TN: 181 Ask: Verb:brought,TN: 181 Ask: Verb:brought,TN: 181 Ask: Verb:brought
234,TN: 186 Ask: Verb:is,TN: 179 Ask: Verb:is,TN: 174 Ask: Verb:is,TN: 182 Ask: Verb:is,TN: 182 Ask: Verb:is,TN: 182 Ask: Verb:is,TN: 182 Ask: Verb:is
235,TN: 187 Ask: Verb:DogsAreFun,TN: 180 Ask: Verb:DogsAreFun,TN: 175 Ask: Verb:DogsAreFun,TN: 183 Ask: Verb:DogsAreFun,TN: 183 Ask: Verb:DogsAreFun,TN: 183 Ask: Verb:DogsAreFun,TN: 183 Ask: Verb:DogsAreFun
236,TN: 188 Ask: Verb:august,TN: 181 Ask: Verb:august,TN: 176 Ask: Verb:august,TN: 184 Ask: Verb:august,TN: 184 Ask: Verb:august,TN: 184 Ask: Verb:august,TN: 184 Ask: Verb:august
237,FN: 42 Ask: Verb:forward,FN: 34 Ask: Verb:forward,FN: 21 Ask: Verb:forward,FN: 24 Ask: Verb:forward,FN: 23 Ask: Verb:forward,FN: 23 Ask: Verb:forward,FN: 23 Ask: Verb:forward
238,TN: 189 Ask: Verb:received,TN: 182 Ask: Verb:received,FP: 17 Ask:PERFORM Verb:received,TN: 185 Ask: Verb:received,TN: 185 Ask: Verb:received,TN: 185 Ask: Verb:received,TN: 185 Ask: Verb:received
239,TN: 190 Ask: Verb:policy,TN: 183 Ask: Verb:policy,TN: 177 Ask: Verb:policy,TN: 186 Ask: Verb:policy,TN: 186 Ask: Verb:policy,TN: 186 Ask: Verb:policy,TN: 186 Ask: Verb:policy
240,TN: 191 Ask: Verb:|,TN: 184 Ask: Verb:|,TN: 178 Ask: Verb:|,TN: 187 Ask: Verb:|,TN: 187 Ask: Verb:|,TN: 187 Ask: Verb:|,TN: 187 Ask: Verb:|
241,FN: 43 Ask: Verb:unsubscribe,FN: 35 Ask: Verb:unsubscribe,FN: 22 Ask: Verb:unsubscribe,FN: 25 Ask: Verb:unsubscribe,FN: 24 Ask: Verb:unsubscribe,FN: 24 Ask: Verb:unsubscribe,FN: 24 Ask: Verb:unsubscribe
242,FN: 44 Ask: Verb:view,TP: 7 Ask:PERFORM Verb:view,TP: 25 Ask:PERFORM Verb:view,TP: 22 Ask:PERFORM Verb:view,TP: 23 Ask:PERFORM Verb:view,TP: 23 Ask:PERFORM Verb:view,TP: 23 Ask:PERFORM Verb:view
243,TN: 192 Ask: Verb:reserved,TN: 185 Ask: Verb:reserved,TN: 179 Ask: Verb:reserved,TN: 188 Ask: Verb:reserved,TN: 188 Ask: Verb:reserved,TN: 188 Ask: Verb:reserved,TN: 188 Ask: Verb:reserved
244,TN: 193 Ask: Verb:©,TN: 186 Ask: Verb:©,TN: 180 Ask: Verb:©,TN: 189 Ask: Verb:©,TN: 189 Ask: Verb:©,TN: 189 Ask: Verb:©,TN: 189 Ask: Verb:©
245,TN: 194 Ask: Verb:media,TN: 187 Ask: Verb:media,TN: 181 Ask: Verb:media,TN: 190 Ask: Verb:media,TN: 190 Ask: Verb:media,TN: 190 Ask: Verb:media,TN: 190 Ask: Verb:media
246,TN: 195 Ask: Verb:|,TN: 188 Ask: Verb:|,TN: 182 Ask: Verb:|,TN: 191 Ask: Verb:|,TN: 191 Ask: Verb:|,TN: 191 Ask: Verb:|,TN: 191 Ask: Verb:|
247,TN: 196 Ask: Verb:avenue,TN: 189 Ask: Verb:avenue,TN: 183 Ask: Verb:avenue,TN: 192 Ask: Verb:avenue,TN: 192 Ask: Verb:avenue,TN: 192 Ask: Verb:avenue,TN: 192 Ask: Verb:avenue
248,TN: 197 Ask: Verb:are,TN: 190 Ask: Verb:are,TN: 184 Ask: Verb:are,TN: 193 Ask: Verb:are,TN: 193 Ask: Verb:are,TN: 193 Ask: Verb:are,TN: 193 Ask: Verb:are
249,TN: 198 Ask: Verb:professor,TN: 191 Ask: Verb:professor,TN: 185 Ask: Verb:professor,TN: 194 Ask: Verb:professor,TN: 194 Ask: Verb:professor,TN: 194 Ask: Verb:professor,TN: 194 Ask: Verb:professor
250,TN: 199 Ask: Verb:dean,TN: 192 Ask: Verb:dean,TN: 186 Ask: Verb:dean,TN: 195 Ask: Verb:dean,TN: 195 Ask: Verb:dean,TN: 195 Ask: Verb:dean,TN: 195 Ask: Verb:dean
251,TN: 200 Ask: Verb:sciences,TN: 193 Ask: Verb:sciences,TN: 187 Ask: Verb:sciences,TN: 196 Ask: Verb:sciences,TN: 196 Ask: Verb:sciences,TN: 196 Ask: Verb:sciences,TN: 196 Ask: Verb:sciences
252,FN: 45 Ask: Verb:e-mail,FN: 36 Ask: Verb:e-mail,FN: 23 Ask: Verb:e-mail,FN: 26 Ask: Verb:e-mail,FN: 25 Ask: Verb:e-mail,FN: 25 Ask: Verb:e-mail,FN: 25 Ask: Verb:e-mail
253,TN: 201 Ask: Verb:smith@example.com,TN: 194 Ask: Verb:smith@example.com,TN: 188 Ask: Verb:smith@example.com,TN: 197 Ask: Verb:smith@example.com,TN: 197 Ask: Verb:smith@example.com,TN: 197 Ask: Verb:smith@example.com,TN: 197 Ask: Verb:smith@example.com
254,FN: 46 Ask: Verb:phone,FN: 37 Ask: Verb:phone,FN: 24 Ask: Verb:phone,FN: 27 Ask: Verb:phone,FN: 26 Ask: Verb:phone,FN: 26 Ask: Verb:phone,FN: 26 Ask: Verb:phone
255,TN: 202 Ask: Verb:#NAME?,TN: 195 Ask: Verb:#NAME?,TN: 189 Ask: Verb:#NAME?,TN: 198 Ask: Verb:#NAME?,TN: 198 Ask: Verb:#NAME?,TN: 198 Ask: Verb:#NAME?,TN: 198 Ask: Verb:#NAME?
256,TN: 203 Ask: Verb:location,TN: 196 Ask: Verb:location,TN: 190 Ask: Verb:location,TN: 199 Ask: Verb:location,TN: 199 Ask: Verb:location,TN: 199 Ask: Verb:location,TN: 199 Ask: Verb:location
257,TN: 204 Ask: Verb:building,TN: 197 Ask: Verb:building,TN: 191 Ask: Verb:building,TN: 200 Ask: Verb:building,TN: 200 Ask: Verb:building,TN: 200 Ask: Verb:building,TN: 200 Ask: Verb:building
258,TN: 205 Ask: Verb:limited-time,TN: 198 Ask: Verb:limited-time,TN: 192 Ask: Verb:limited-time,TN: 201 Ask: Verb:limited-time,TN: 201 Ask: Verb:limited-time,TN: 201 Ask: Verb:limited-time,TN: 201 Ask: Verb:limited-time
259,TN: 206 Ask: Verb:starts,TN: 199 Ask: Verb:starts,FP: 18 Ask:PERFORM Verb:starts,FP: 9 Ask:PERFORM Verb:starts,FP: 9 Ask:PERFORM Verb:starts,FP: 9 Ask:PERFORM Verb:starts,FP: 9 Ask:PERFORM Verb:starts
260,TN: 207 Ask: Verb:introducing,TN: 200 Ask: Verb:introducing,TN: 193 Ask: Verb:introducing,TN: 202 Ask: Verb:introducing,TN: 202 Ask: Verb:introducing,TN: 202 Ask: Verb:introducing,TN: 202 Ask: Verb:introducing
261,TN: 208 Ask: Verb:get,TN: 201 Ask: Verb:get,TN: 194 Ask: Verb:get,TN: 203 Ask: Verb:get,TN: 203 Ask: Verb:get,TN: 203 Ask: Verb:get,TN: 203 Ask: Verb:get
262,TN: 209 Ask: Verb:>>,TN: 202 Ask: Verb:>>,TN: 195 Ask: Verb:>>,TN: 204 Ask: Verb:>>,TN: 204 Ask: Verb:>>,TN: 204 Ask: Verb:>>,TN: 204 Ask: Verb:>>
263,TN: 210 Ask: Verb:apply,TN: 203 Ask: Verb:apply,TN: 196 Ask: Verb:apply,TN: 205 Ask: Verb:apply,TN: 205 Ask: Verb:apply,TN: 205 Ask: Verb:apply,TN: 205 Ask: Verb:apply
264,TN: 211 Ask: Verb:*,TN: 204 Ask: Verb:*,TN: 197 Ask: Verb:*,TN: 206 Ask: Verb:*,TN: 206 Ask: Verb:*,TN: 206 Ask: Verb:*,TN: 206 Ask: Verb:*
265,TN: 212 Ask: Verb:get,TN: 205 Ask: Verb:get,TN: 198 Ask: Verb:get,TN: 207 Ask: Verb:get,TN: 207 Ask: Verb:get,TN: 207 Ask: Verb:get,TN: 207 Ask: Verb:get
266,TN: 213 Ask: Verb:powered,TN: 206 Ask: Verb:powered,TN: 199 Ask: Verb:powered,TN: 208 Ask: Verb:powered,TN: 208 Ask: Verb:powered,TN: 208 Ask: Verb:powered,TN: 208 Ask: Verb:powered
267,FN: 47 Ask: Verb:questions,FN: 38 Ask: Verb:questions,FN: 25 Ask: Verb:questions,FN: 28 Ask: Verb:questions,FN: 27 Ask: Verb:questions,FN: 27 Ask: Verb:questions,FN: 27 Ask: Verb:questions
268,FN: 48 Ask: Verb:play,FN: 39 Ask: Verb:play,FN: 26 Ask: Verb:play,FN: 29 Ask: Verb:play,FN: 28 Ask: Verb:play,FN: 28 Ask: Verb:play,FN: 28 Ask: Verb:play
269,TN: 214 Ask: Verb:includes,TN: 207 Ask: Verb:includes,TN: 200 Ask: Verb:includes,TN: 209 Ask: Verb:includes,TN: 209 Ask: Verb:includes,TN: 209 Ask: Verb:includes,TN: 209 Ask: Verb:includes
270,TN: 215 Ask: Verb:way,TN: 208 Ask: Verb:way,TN: 201 Ask: Verb:way,TN: 210 Ask: Verb:way,TN: 210 Ask: Verb:way,TN: 210 Ask: Verb:way,TN: 210 Ask: Verb:way
271,TN: 216 Ask: Verb:are,TN: 209 Ask: Verb:are,TN: 202 Ask: Verb:are,TN: 211 Ask: Verb:are,TN: 211 Ask: Verb:are,TN: 211 Ask: Verb:are,TN: 211 Ask: Verb:are
272,TN: 217 Ask: Verb:play,TN: 210 Ask: Verb:play,TN: 203 Ask: Verb:play,TN: 212 Ask: Verb:play,TN: 212 Ask: Verb:play,TN: 212 Ask: Verb:play,TN: 212 Ask: Verb:play
273,TN: 218 Ask: Verb:using,TN: 211 Ask: Verb:using,TN: 204 Ask: Verb:using,TN: 213 Ask: Verb:using,TN: 213 Ask: Verb:using,TN: 213 Ask: Verb:using,TN: 213 Ask: Verb:using
274,TN: 219 Ask: Verb:miss,TN: 212 Ask: Verb:miss,TN: 205 Ask: Verb:miss,TN: 214 Ask: Verb:miss,TN: 214 Ask: Verb:miss,TN: 214 Ask: Verb:miss,TN: 214 Ask: Verb:miss
275,TN: 220 Ask: Verb:get,TN: 213 Ask: Verb:get,TN: 206 Ask: Verb:get,TN: 215 Ask: Verb:get,TN: 215 Ask: Verb:get,TN: 215 Ask: Verb:get,TN: 215 Ask: Verb:get
276,TN: 221 Ask: Verb:>>,TN: 214 Ask: Verb:>>,TN: 207 Ask: Verb:>>,TN: 216 Ask: Verb:>>,TN: 216 Ask: Verb:>>,TN: 216 Ask: Verb:>>,TN: 216 Ask: Verb:>>
277,TN: 222 Ask: Verb:restrictions,TN: 215 Ask: Verb:restrictions,TN: 208 Ask: Verb:restrictions,TN: 217 Ask: Verb:restrictions,TN: 217 Ask: Verb:restrictions,TN: 217 Ask: Verb:restrictions,TN: 217 Ask: Verb:restrictions
278,TN: 223 Ask: Verb:*,TN: 216 Ask: Verb:*,TN: 209 Ask: Verb:*,TN: 218 Ask: Verb:*,TN: 218 Ask: Verb:*,TN: 218 Ask: Verb:*,TN: 218 Ask: Verb:*
279,TN: 224 Ask: Verb:members,TN: 217 Ask: Verb:members,TN: 210 Ask: Verb:members,TN: 219 Ask: Verb:members,TN: 219 Ask: Verb:members,TN: 219 Ask: Verb:members,TN: 219 Ask: Verb:members
280,TN: 225 Ask: Verb:available,TN: 218 Ask: Verb:available,TN: 211 Ask: Verb:available,TN: 220 Ask: Verb:available,TN: 220 Ask: Verb:available,TN: 220 Ask: Verb:available,TN: 220 Ask: Verb:available
281,FN: 49 Ask: Verb:redeemed,TP: 8 Ask:PERFORM Verb:redeemed,TP: 26 Ask:PERFORM Verb:redeemed,FN: 30 Ask: Verb:redeemed,FN: 29 Ask: Verb:redeemed,FN: 29 Ask: Verb:redeemed,FN: 29 Ask: Verb:redeemed
282,TN: 226 Ask: Verb:be,TN: 219 Ask: Verb:be,TN: 212 Ask: Verb:be,TN: 221 Ask: Verb:be,TN: 221 Ask: Verb:be,TN: 221 Ask: Verb:be,TN: 221 Ask: Verb:be
283,TN: 227 Ask: Verb:apply,TN: 220 Ask: Verb:apply,TN: 213 Ask: Verb:apply,TN: 222 Ask: Verb:apply,TN: 222 Ask: Verb:apply,TN: 222 Ask: Verb:apply,TN: 222 Ask: Verb:apply
284,TN: 228 Ask: Verb:was,TN: 221 Ask: Verb:was,TN: 214 Ask: Verb:was,TN: 223 Ask: Verb:was,TN: 223 Ask: Verb:was,TN: 223 Ask: Verb:was,TN: 223 Ask: Verb:was
285,TN: 229 Ask: Verb:indicated,TN: 222 Ask: Verb:indicated,TN: 215 Ask: Verb:indicated,TN: 224 Ask: Verb:indicated,TN: 224 Ask: Verb:indicated,TN: 224 Ask: Verb:indicated,TN: 224 Ask: Verb:indicated
286,TN: 230 Ask: Verb:are,TN: 223 Ask: Verb:are,TN: 216 Ask: Verb:are,TN: 225 Ask: Verb:are,TN: 225 Ask: Verb:are,TN: 225 Ask: Verb:are,TN: 225 Ask: Verb:are
287,FN: 50 Ask: Verb:receive,FN: 40 Ask: Verb:receive,TP: 27 Ask:PERFORM Verb:receive,TP: 23 Ask:PERFORM Verb:receive,TP: 24 Ask:PERFORM Verb:receive,TP: 24 Ask:PERFORM Verb:receive,TP: 24 Ask:PERFORM Verb:receive
288,TN: 231 Ask: Verb:do,TN: 224 Ask: Verb:do,TN: 217 Ask: Verb:do,TN: 226 Ask: Verb:do,TN: 226 Ask: Verb:do,TN: 226 Ask: Verb:do,TN: 226 Ask: Verb:do
289,TN: 232 Ask: Verb:wish,TN: 225 Ask: Verb:wish,TN: 218 Ask: Verb:wish,TN: 227 Ask: Verb:wish,TN: 227 Ask: Verb:wish,TN: 227 Ask: Verb:wish,TN: 227 Ask: Verb:wish
290,TN: 233 Ask: Verb:receive,TN: 226 Ask: Verb:receive,FP: 19 Ask:PERFORM Verb:receive,FP: 10 Ask:PERFORM Verb:receive,FP: 10 Ask:PERFORM Verb:receive,FP: 10 Ask:PERFORM Verb:receive,FP: 10 Ask:PERFORM Verb:receive
291,FN: 51 Ask: Verb:change,FN: 41 Ask: Verb:change,FN: 27 Ask: Verb:change,FN: 31 Ask: Verb:change,FN: 30 Ask: Verb:change,FN: 30 Ask: Verb:change,FN: 30 Ask: Verb:change
292,FN: 52 Ask: Verb:visiting,FN: 42 Ask: Verb:visiting,TP: 28 Ask:PERFORM Verb:visiting,FN: 32 Ask: Verb:visiting,FN: 31 Ask: Verb:visiting,FN: 31 Ask: Verb:visiting,FN: 31 Ask: Verb:visiting
293,TN: 234 Ask: Verb:hi,TN: 227 Ask: Verb:hi,TN: 219 Ask: Verb:hi,TN: 228 Ask: Verb:hi,TN: 228 Ask: Verb:hi,TN: 228 Ask: Verb:hi,TN: 228 Ask: Verb:hi
294,TN: 235 Ask: Verb:hope,TN: 228 Ask: Verb:hope,TN: 220 Ask: Verb:hope,TN: 229 Ask: Verb:hope,TN: 229 Ask: Verb:hope,TN: 229 Ask: Verb:hope,TN: 229 Ask: Verb:hope
295,TN: 236 Ask: Verb:are,TN: 229 Ask: Verb:are,TN: 221 Ask: Verb:are,TN: 230 Ask: Verb:are,TN: 230 Ask: Verb:are,TN: 230 Ask: Verb:are,TN: 230 Ask: Verb:are
296,TN: 237 Ask: Verb:doing,TN: 230 Ask: Verb:doing,TN: 222 Ask: Verb:doing,TN: 231 Ask: Verb:doing,TN: 231 Ask: Verb:doing,TN: 231 Ask: Verb:doing,TN: 231 Ask: Verb:doing
297,TN: 238 Ask: Verb:writing,TN: 231 Ask: Verb:writing,TN: 223 Ask: Verb:writing,TN: 232 Ask: Verb:writing,TN: 232 Ask: Verb:writing,TN: 232 Ask: Verb:writing,TN: 232 Ask: Verb:writing
298,TN: 239 Ask: Verb:am,TN: 232 Ask: Verb:am,TN: 224 Ask: Verb:am,TN: 233 Ask: Verb:am,TN: 233 Ask: Verb:am,TN: 233 Ask: Verb:am,TN: 233 Ask: Verb:am
299,FN: 53 Ask: Verb:revert,FN: 43 Ask: Verb:revert,FN: 28 Ask: Verb:revert,FN: 33 Ask: Verb:revert,FN: 32 Ask: Verb:revert,FN: 32 Ask: Verb:revert,FN: 32 Ask: Verb:revert
300,TN: 240 Ask: Verb:regards,TN: 233 Ask: Verb:regards,TN: 225 Ask: Verb:regards,TN: 234 Ask: Verb:regards,TN: 234 Ask: Verb:regards,TN: 234 Ask: Verb:regards,TN: 234 Ask: Verb:regards
301,TN: 241 Ask: Verb:walker,TN: 234 Ask: Verb:walker,TN: 226 Ask: Verb:walker,TN: 235 Ask: Verb:walker,TN: 235 Ask: Verb:walker,TN: 235 Ask: Verb:walker,TN: 235 Ask: Verb:walker
302,TN: 242 Ask: Verb:friend,TN: 235 Ask: Verb:friend,TN: 227 Ask: Verb:friend,TN: 236 Ask: Verb:friend,TN: 236 Ask: Verb:friend,TN: 236 Ask: Verb:friend,TN: 236 Ask: Verb:friend
303,TN: 243 Ask: Verb:banker,TN: 236 Ask: Verb:banker,TN: 228 Ask: Verb:banker,TN: 237 Ask: Verb:banker,TN: 237 Ask: Verb:banker,TN: 237 Ask: Verb:banker,TN: 237 Ask: Verb:banker
304,TN: 244 Ask: Verb:holding,TN: 237 Ask: Verb:holding,TN: 229 Ask: Verb:holding,TN: 238 Ask: Verb:holding,TN: 238 Ask: Verb:holding,TN: 238 Ask: Verb:holding,TN: 238 Ask: Verb:holding
305,TN: 245 Ask: Verb:am,TN: 238 Ask: Verb:am,TN: 230 Ask: Verb:am,TN: 239 Ask: Verb:am,TN: 239 Ask: Verb:am,TN: 239 Ask: Verb:am,TN: 239 Ask: Verb:am
306,TN: 246 Ask: Verb:have,TN: 239 Ask: Verb:have,TN: 231 Ask: Verb:have,TN: 240 Ask: Verb:have,TN: 240 Ask: Verb:have,TN: 240 Ask: Verb:have,TN: 240 Ask: Verb:have
307,TN: 247 Ask: Verb:transferring,FP: 17 Ask:GIVE Verb:transferring,FP: 20 Ask:GIVE Verb:transferring,TN: 241 Ask: Verb:transferring,TN: 241 Ask: Verb:transferring,TN: 241 Ask: Verb:transferring,TN: 241 Ask: Verb:transferring
308,TN: 248 Ask: Verb:abandon,TN: 240 Ask: Verb:abandon,TN: 232 Ask: Verb:abandon,TN: 242 Ask: Verb:abandon,TN: 242 Ask: Verb:abandon,TN: 242 Ask: Verb:abandon,TN: 242 Ask: Verb:abandon
309,TN: 249 Ask: Verb:died,TN: 241 Ask: Verb:died,TN: 233 Ask: Verb:died,TN: 243 Ask: Verb:died,TN: 243 Ask: Verb:died,TN: 243 Ask: Verb:died,TN: 243 Ask: Verb:died
310,TN: 250 Ask: Verb:got,TN: 242 Ask: Verb:got,TN: 234 Ask: Verb:got,TN: 244 Ask: Verb:got,TN: 244 Ask: Verb:got,TN: 244 Ask: Verb:got,TN: 244 Ask: Verb:got
311,TN: 251 Ask: Verb:have,TN: 243 Ask: Verb:have,TN: 235 Ask: Verb:have,TN: 245 Ask: Verb:have,TN: 245 Ask: Verb:have,TN: 245 Ask: Verb:have,TN: 245 Ask: Verb:have
312,TN: 252 Ask: Verb:been,TN: 244 Ask: Verb:been,TN: 236 Ask: Verb:been,TN: 246 Ask: Verb:been,TN: 246 Ask: Verb:been,TN: 246 Ask: Verb:been,TN: 246 Ask: Verb:been
313,TN: 253 Ask: Verb:come,TN: 245 Ask: Verb:come,TN: 237 Ask: Verb:come,TN: 247 Ask: Verb:come,TN: 247 Ask: Verb:come,TN: 247 Ask: Verb:come,TN: 247 Ask: Verb:come
314,TN: 254 Ask: Verb:claim,TN: 246 Ask: Verb:claim,TN: 238 Ask: Verb:claim,TN: 248 Ask: Verb:claim,TN: 248 Ask: Verb:claim,TN: 248 Ask: Verb:claim,TN: 248 Ask: Verb:claim
315,TN: 255 Ask: Verb:release,TN: 247 Ask: Verb:release,TN: 239 Ask: Verb:release,TN: 249 Ask: Verb:release,TN: 249 Ask: Verb:release,TN: 249 Ask: Verb:release,TN: 249 Ask: Verb:release
316,TN: 256 Ask: Verb:applies,TN: 248 Ask: Verb:applies,TN: 240 Ask: Verb:applies,TN: 250 Ask: Verb:applies,TN: 250 Ask: Verb:applies,TN: 250 Ask: Verb:applies,TN: 250 Ask: Verb:applies
317,TN: 257 Ask: Verb:deceased,TN: 249 Ask: Verb:deceased,TN: 241 Ask: Verb:deceased,TN: 251 Ask: Verb:deceased,TN: 251 Ask: Verb:deceased,TN: 251 Ask: Verb:deceased,TN: 251 Ask: Verb:deceased
318,TN: 258 Ask: Verb:indicated,TN: 250 Ask: Verb:indicated,TN: 242 Ask: Verb:indicated,TN: 252 Ask: Verb:indicated,TN: 252 Ask: Verb:indicated,TN: 252 Ask: Verb:indicated,TN: 252 Ask: Verb:indicated
319,TN: 259 Ask: Verb:learnt,TN: 251 Ask: Verb:learnt,TN: 243 Ask: Verb:learnt,TN: 253 Ask: Verb:learnt,TN: 253 Ask: Verb:learnt,TN: 253 Ask: Verb:learnt,TN: 253 Ask: Verb:learnt
320,TN: 260 Ask: Verb:supposed,TN: 252 Ask: Verb:supposed,TN: 244 Ask: Verb:supposed,TN: 254 Ask: Verb:supposed,TN: 254 Ask: Verb:supposed,TN: 254 Ask: Verb:supposed,TN: 254 Ask: Verb:supposed
321,TN: 261 Ask: Verb:died,TN: 253 Ask: Verb:died,TN: 245 Ask: Verb:died,TN: 255 Ask: Verb:died,TN: 255 Ask: Verb:died,TN: 255 Ask: Verb:died,TN: 255 Ask: Verb:died
322,TN: 262 Ask: Verb:leaving,FP: 18 Ask:GIVE Verb:leaving,FP: 21 Ask:GIVE Verb:leaving,TN: 256 Ask: Verb:leaving,TN: 256 Ask: Verb:leaving,TN: 256 Ask: Verb:leaving,TN: 256 Ask: Verb:leaving
323,TN: 263 Ask: Verb:transferred,FP: 19 Ask:GIVE Verb:transferred,FP: 22 Ask:GIVE Verb:transferred,TN: 257 Ask: Verb:transferred,TN: 257 Ask: Verb:transferred,TN: 257 Ask: Verb:transferred,TN: 257 Ask: Verb:transferred
324,TN: 264 Ask: Verb:remained,TN: 254 Ask: Verb:remained,TN: 246 Ask: Verb:remained,TN: 258 Ask: Verb:remained,TN: 258 Ask: Verb:remained,TN: 258 Ask: Verb:remained,TN: 258 Ask: Verb:remained
325,TN: 265 Ask: Verb:be,TN: 255 Ask: Verb:be,TN: 247 Ask: Verb:be,TN: 259 Ask: Verb:be,TN: 259 Ask: Verb:be,TN: 259 Ask: Verb:be,TN: 259 Ask: Verb:be
326,TN: 266 Ask: Verb:agree,TN: 256 Ask: Verb:agree,TN: 248 Ask: Verb:agree,TN: 260 Ask: Verb:agree,TN: 260 Ask: Verb:agree,TN: 260 Ask: Verb:agree,TN: 260 Ask: Verb:agree
327,TN: 267 Ask: Verb:you,TN: 257 Ask: Verb:you,TN: 249 Ask: Verb:you,TN: 261 Ask: Verb:you,TN: 261 Ask: Verb:you,TN: 261 Ask: Verb:you,TN: 261 Ask: Verb:you
328,TN: 268 Ask: Verb:be,TN: 258 Ask: Verb:be,TN: 250 Ask: Verb:be,TN: 262 Ask: Verb:be,TN: 262 Ask: Verb:be,TN: 262 Ask: Verb:be,TN: 262 Ask: Verb:be
329,TN: 269 Ask: Verb:be,TN: 259 Ask: Verb:be,TN: 251 Ask: Verb:be,TN: 263 Ask: Verb:be,TN: 263 Ask: Verb:be,TN: 263 Ask: Verb:be,TN: 263 Ask: Verb:be
330,TN: 270 Ask: Verb:there,TN: 260 Ask: Verb:there,TN: 252 Ask: Verb:there,TN: 264 Ask: Verb:there,TN: 264 Ask: Verb:there,TN: 264 Ask: Verb:there,TN: 264 Ask: Verb:there
331,TN: 271 Ask: Verb:visit,TN: 261 Ask: Verb:visit,FP: 23 Ask:PERFORM Verb:visit,FP: 11 Ask:PERFORM Verb:visit,FP: 11 Ask:PERFORM Verb:visit,FP: 11 Ask:PERFORM Verb:visit,FP: 11 Ask:PERFORM Verb:visit
332,TN: 272 Ask: Verb:according,TN: 262 Ask: Verb:according,TN: 253 Ask: Verb:according,TN: 265 Ask: Verb:according,TN: 265 Ask: Verb:according,TN: 265 Ask: Verb:according,TN: 265 Ask: Verb:according
333,TN: 273 Ask: Verb:indicated,TN: 263 Ask: Verb:indicated,TN: 254 Ask: Verb:indicated,TN: 266 Ask: Verb:indicated,TN: 266 Ask: Verb:indicated,TN: 266 Ask: Verb:indicated,TN: 266 Ask: Verb:indicated
334,FN: 54 Ask: Verb:apply,FN: 44 Ask: Verb:apply,FN: 29 Ask: Verb:apply,FN: 34 Ask: Verb:apply,FN: 33 Ask: Verb:apply,FN: 33 Ask: Verb:apply,FN: 33 Ask: Verb:apply
335,TN: 274 Ask: Verb:enable,TN: 264 Ask: Verb:enable,TN: 255 Ask: Verb:enable,TN: 267 Ask: Verb:enable,TN: 267 Ask: Verb:enable,TN: 267 Ask: Verb:enable,TN: 267 Ask: Verb:enable
336,TN: 275 Ask: Verb:arranged,TN: 265 Ask: Verb:arranged,TN: 256 Ask: Verb:arranged,TN: 268 Ask: Verb:arranged,TN: 268 Ask: Verb:arranged,TN: 268 Ask: Verb:arranged,TN: 268 Ask: Verb:arranged
337,FN: 55 Ask: Verb:indicating,FN: 45 Ask: Verb:indicating,FN: 30 Ask: Verb:indicating,FN: 35 Ask: Verb:indicating,FN: 34 Ask: Verb:indicating,FN: 34 Ask: Verb:indicating,FN: 34 Ask: Verb:indicating
338,TN: 276 Ask: Verb:be,TN: 266 Ask: Verb:be,TN: 257 Ask: Verb:be,TN: 269 Ask: Verb:be,TN: 269 Ask: Verb:be,TN: 269 Ask: Verb:be,TN: 269 Ask: Verb:be
339,FP: 5 Ask:GIVE Verb:remitted,FP: 20 Ask:GIVE Verb:remitted,FP: 24 Ask:GIVE Verb:remitted,TN: 270 Ask: Verb:remitted,TN: 270 Ask: Verb:remitted,TN: 270 Ask: Verb:remitted,TN: 270 Ask: Verb:remitted
340,TN: 277 Ask: Verb:send,FP: 21 Ask:GIVE Verb:send,FP: 25 Ask:PERFORM Verb:send,FP: 12 Ask:PERFORM Verb:send,FP: 12 Ask:PERFORM Verb:send,FP: 12 Ask:PERFORM Verb:send,FP: 12 Ask:PERFORM Verb:send
341,TN: 278 Ask: Verb:email,TN: 267 Ask: Verb:email,TN: 258 Ask: Verb:email,TN: 271 Ask: Verb:email,TN: 271 Ask: Verb:email,TN: 271 Ask: Verb:email,TN: 271 Ask: Verb:email
342,TN: 279 Ask: Verb:bring,FP: 22 Ask:PERFORM Verb:bring,FP: 26 Ask:PERFORM Verb:bring,FP: 13 Ask:PERFORM Verb:bring,FP: 13 Ask:PERFORM Verb:bring,FP: 13 Ask:PERFORM Verb:bring,FP: 13 Ask:PERFORM Verb:bring
343,TN: 280 Ask: Verb:is,TN: 268 Ask: Verb:is,TN: 259 Ask: Verb:is,TN: 272 Ask: Verb:is,TN: 272 Ask: Verb:is,TN: 272 Ask: Verb:is,TN: 272 Ask: Verb:is
344,TN: 281 Ask: Verb:entertain,TN: 269 Ask: Verb:entertain,TN: 260 Ask: Verb:entertain,TN: 273 Ask: Verb:entertain,TN: 273 Ask: Verb:entertain,TN: 273 Ask: Verb:entertain,TN: 273 Ask: Verb:entertain
345,TN: 282 Ask: Verb:required,TN: 270 Ask: Verb:required,TN: 261 Ask: Verb:required,TN: 274 Ask: Verb:required,TN: 274 Ask: Verb:required,TN: 274 Ask: Verb:required,TN: 274 Ask: Verb:required
346,TN: 283 Ask: Verb:have,TN: 271 Ask: Verb:have,TN: 262 Ask: Verb:have,TN: 275 Ask: Verb:have,TN: 275 Ask: Verb:have,TN: 275 Ask: Verb:have,TN: 275 Ask: Verb:have
347,TN: 284 Ask: Verb:been,TN: 272 Ask: Verb:been,TN: 263 Ask: Verb:been,TN: 276 Ask: Verb:been,TN: 276 Ask: Verb:been,TN: 276 Ask: Verb:been,TN: 276 Ask: Verb:been
348,TN: 285 Ask: Verb:made,TN: 273 Ask: Verb:made,TN: 264 Ask: Verb:made,TN: 277 Ask: Verb:made,TN: 277 Ask: Verb:made,TN: 277 Ask: Verb:made,TN: 277 Ask: Verb:made
349,TN: 286 Ask: Verb:entertain,TN: 274 Ask: Verb:entertain,TN: 265 Ask: Verb:entertain,TN: 278 Ask: Verb:entertain,TN: 278 Ask: Verb:entertain,TN: 278 Ask: Verb:entertain,TN: 278 Ask: Verb:entertain
350,TN: 287 Ask: Verb:fail,TN: 275 Ask: Verb:fail,TN: 266 Ask: Verb:fail,TN: 279 Ask: Verb:fail,TN: 279 Ask: Verb:fail,TN: 279 Ask: Verb:fail,TN: 279 Ask: Verb:fail
351,TN: 288 Ask: Verb:bring,FP: 23 Ask:PERFORM Verb:bring,FP: 27 Ask:PERFORM Verb:bring,FP: 14 Ask:PERFORM Verb:bring,FP: 14 Ask:PERFORM Verb:bring,FP: 14 Ask:PERFORM Verb:bring,FP: 14 Ask:PERFORM Verb:bring
352,TN: 289 Ask: Verb:is,TN: 276 Ask: Verb:is,TN: 267 Ask: Verb:is,TN: 280 Ask: Verb:is,TN: 280 Ask: Verb:is,TN: 280 Ask: Verb:is,TN: 280 Ask: Verb:is
353,TN: 290 Ask: Verb:required,TN: 277 Ask: Verb:required,TN: 268 Ask: Verb:required,TN: 281 Ask: Verb:required,TN: 281 Ask: Verb:required,TN: 281 Ask: Verb:required,TN: 281 Ask: Verb:required
354,TN: 291 Ask: Verb:have,TN: 278 Ask: Verb:have,TN: 269 Ask: Verb:have,TN: 282 Ask: Verb:have,TN: 282 Ask: Verb:have,TN: 282 Ask: Verb:have,TN: 282 Ask: Verb:have
355,TN: 292 Ask: Verb:been,TN: 279 Ask: Verb:been,TN: 270 Ask: Verb:been,TN: 283 Ask: Verb:been,TN: 283 Ask: Verb:been,TN: 283 Ask: Verb:been,TN: 283 Ask: Verb:been
356,TN: 293 Ask: Verb:made,TN: 280 Ask: Verb:made,TN: 271 Ask: Verb:made,TN: 284 Ask: Verb:made,TN: 284 Ask: Verb:made,TN: 284 Ask: Verb:made,TN: 284 Ask: Verb:made
357,TN: 294 Ask: Verb:please,TN: 281 Ask: Verb:please,TN: 272 Ask: Verb:please,TN: 285 Ask: Verb:please,TN: 285 Ask: Verb:please,TN: 285 Ask: Verb:please,TN: 285 Ask: Verb:please
358,TN: 295 Ask: Verb:treat,TN: 282 Ask: Verb:treat,TN: 273 Ask: Verb:treat,TN: 286 Ask: Verb:treat,TN: 286 Ask: Verb:treat,TN: 286 Ask: Verb:treat,TN: 286 Ask: Verb:treat
359,FN: 56 Ask: Verb:contact,FN: 46 Ask: Verb:contact,TP: 29 Ask:PERFORM Verb:contact,TP: 24 Ask:PERFORM Verb:contact,TP: 25 Ask:PERFORM Verb:contact,TP: 25 Ask:PERFORM Verb:contact,TP: 25 Ask:PERFORM Verb:contact
360,TN: 296 Ask: Verb:receive,TN: 283 Ask: Verb:receive,FP: 28 Ask:PERFORM Verb:receive,FP: 15 Ask:PERFORM Verb:receive,FP: 15 Ask:PERFORM Verb:receive,FP: 15 Ask:PERFORM Verb:receive,FP: 15 Ask:PERFORM Verb:receive
361,TN: 297 Ask: Verb:sure,TN: 284 Ask: Verb:sure,TN: 274 Ask: Verb:sure,TN: 287 Ask: Verb:sure,TN: 287 Ask: Verb:sure,TN: 287 Ask: Verb:sure,TN: 287 Ask: Verb:sure
362,FN: 57 Ask: Verb:receive,FN: 47 Ask: Verb:receive,TP: 30 Ask:PERFORM Verb:receive,TP: 25 Ask:PERFORM Verb:receive,TP: 26 Ask:PERFORM Verb:receive,TP: 26 Ask:PERFORM Verb:receive,TP: 26 Ask:PERFORM Verb:receive
363,FN: 58 Ask: Verb:keep,FN: 48 Ask: Verb:keep,FN: 31 Ask: Verb:keep,FN: 36 Ask: Verb:keep,FN: 35 Ask: Verb:keep,FN: 35 Ask: Verb:keep,FN: 35 Ask: Verb:keep
364,FP: 6 Ask:GIVE Verb:provide,FP: 24 Ask:GIVE Verb:provide,TP: 31 Ask:PERFORM Verb:provide,TP: 26 Ask:PERFORM Verb:provide,TP: 27 Ask:PERFORM Verb:provide,TP: 27 Ask:PERFORM Verb:provide,TP: 27 Ask:PERFORM Verb:provide
365,TN: 298 Ask: Verb:disclose,TN: 285 Ask: Verb:disclose,TN: 275 Ask: Verb:disclose,TN: 288 Ask: Verb:disclose,TN: 288 Ask: Verb:disclose,TN: 288 Ask: Verb:disclose,TN: 288 Ask: Verb:disclose
366,TN: 299 Ask: Verb:is,TN: 286 Ask: Verb:is,TN: 276 Ask: Verb:is,TN: 289 Ask: Verb:is,TN: 289 Ask: Verb:is,TN: 289 Ask: Verb:is,TN: 289 Ask: Verb:is
367,TN: 300 Ask: Verb:hear,TN: 287 Ask: Verb:hear,TN: 277 Ask: Verb:hear,TN: 290 Ask: Verb:hear,TN: 290 Ask: Verb:hear,TN: 290 Ask: Verb:hear,TN: 290 Ask: Verb:hear
368,TN: 301 Ask: Verb:am,TN: 288 Ask: Verb:am,TN: 278 Ask: Verb:am,TN: 291 Ask: Verb:am,TN: 291 Ask: Verb:am,TN: 291 Ask: Verb:am,TN: 291 Ask: Verb:am
369,FN: 59 Ask: Verb:reply,FN: 49 Ask: Verb:reply,TP: 32 Ask:PERFORM Verb:reply,TP: 27 Ask:PERFORM Verb:reply,TP: 28 Ask:PERFORM Verb:reply,TP: 28 Ask:PERFORM Verb:reply,TP: 28 Ask:PERFORM Verb:reply
370,TN: 302 Ask: Verb:name,TN: 289 Ask: Verb:name,TN: 279 Ask: Verb:name,TN: 292 Ask: Verb:name,TN: 292 Ask: Verb:name,TN: 292 Ask: Verb:name,TN: 292 Ask: Verb:name
371,TN: 303 Ask: Verb:address,TN: 290 Ask: Verb:address,TN: 280 Ask: Verb:address,TN: 293 Ask: Verb:address,TN: 293 Ask: Verb:address,TN: 293 Ask: Verb:address,TN: 293 Ask: Verb:address
372,TN: 304 Ask: Verb:country,TN: 291 Ask: Verb:country,TN: 281 Ask: Verb:country,TN: 294 Ask: Verb:country,TN: 294 Ask: Verb:country,TN: 294 Ask: Verb:country,TN: 294 Ask: Verb:country
373,TN: 305 Ask: Verb:city,TN: 292 Ask: Verb:city,TN: 282 Ask: Verb:city,TN: 295 Ask: Verb:city,TN: 295 Ask: Verb:city,TN: 295 Ask: Verb:city,TN: 295 Ask: Verb:city
374,TN: 306 Ask: Verb:telephone,TN: 293 Ask: Verb:telephone,TN: 283 Ask: Verb:telephone,TN: 296 Ask: Verb:telephone,TN: 296 Ask: Verb:telephone,TN: 296 Ask: Verb:telephone,TN: 296 Ask: Verb:telephone
375,TN: 307 Ask: Verb:occupation,TN: 294 Ask: Verb:occupation,TN: 284 Ask: Verb:occupation,TN: 297 Ask: Verb:occupation,TN: 297 Ask: Verb:occupation,TN: 297 Ask: Verb:occupation,TN: 297 Ask: Verb:occupation
376,TN: 308 Ask: Verb:age,TN: 295 Ask: Verb:age,TN: 285 Ask: Verb:age,TN: 298 Ask: Verb:age,TN: 298 Ask: Verb:age,TN: 298 Ask: Verb:age,TN: 298 Ask: Verb:age
377,TN: 309 Ask: Verb:sex,TN: 296 Ask: Verb:sex,TN: 286 Ask: Verb:sex,TN: 299 Ask: Verb:sex,TN: 299 Ask: Verb:sex,TN: 299 Ask: Verb:sex,TN: 299 Ask: Verb:sex
378,FN: 60 Ask: Verb:expect,FN: 50 Ask: Verb:expect,FN: 32 Ask: Verb:expect,FN: 37 Ask: Verb:expect,FN: 36 Ask: Verb:expect,FN: 36 Ask: Verb:expect,FN: 36 Ask: Verb:expect
379,TN: 310 Ask: Verb:is,TN: 297 Ask: Verb:is,TN: 287 Ask: Verb:is,TN: 300 Ask: Verb:is,TN: 300 Ask: Verb:is,TN: 300 Ask: Verb:is,TN: 300 Ask: Verb:is
380,TN: 311 Ask: Verb:yours,TN: 298 Ask: Verb:yours,TN: 288 Ask: Verb:yours,TN: 301 Ask: Verb:yours,TN: 301 Ask: Verb:yours,TN: 301 Ask: Verb:yours,TN: 301 Ask: Verb:yours
381,TN: 312 Ask: Verb:vqex7,TN: 299 Ask: Verb:vqex7,TN: 289 Ask: Verb:vqex7,TN: 302 Ask: Verb:vqex7,TN: 302 Ask: Verb:vqex7,TN: 302 Ask: Verb:vqex7,TN: 302 Ask: Verb:vqex7
382,TN: 313 Ask: Verb:have,TN: 300 Ask: Verb:have,TN: 290 Ask: Verb:have,TN: 303 Ask: Verb:have,TN: 303 Ask: Verb:have,TN: 303 Ask: Verb:have,TN: 303 Ask: Verb:have
383,TN: 314 Ask: Verb:vqex7,TN: 301 Ask: Verb:vqex7,TN: 291 Ask: Verb:vqex7,TN: 304 Ask: Verb:vqex7,TN: 304 Ask: Verb:vqex7,TN: 304 Ask: Verb:vqex7,TN: 304 Ask: Verb:vqex7
384,TN: 315 Ask: Verb:businessmen,TN: 302 Ask: Verb:businessmen,TN: 292 Ask: Verb:businessmen,TN: 305 Ask: Verb:businessmen,TN: 305 Ask: Verb:businessmen,TN: 305 Ask: Verb:businessmen,TN: 305 Ask: Verb:businessmen
385,TN: 316 Ask: Verb:vqex7,TN: 303 Ask: Verb:vqex7,TN: 293 Ask: Verb:vqex7,TN: 306 Ask: Verb:vqex7,TN: 306 Ask: Verb:vqex7,TN: 306 Ask: Verb:vqex7,TN: 306 Ask: Verb:vqex7
386,FN: 61 Ask: Verb:contacts,FN: 51 Ask: Verb:contacts,FN: 33 Ask: Verb:contacts,FN: 38 Ask: Verb:contacts,FN: 37 Ask: Verb:contacts,FN: 37 Ask: Verb:contacts,FN: 37 Ask: Verb:contacts
387,TN: 317 Ask: Verb:vqex7,TN: 304 Ask: Verb:vqex7,TN: 294 Ask: Verb:vqex7,TN: 307 Ask: Verb:vqex7,TN: 307 Ask: Verb:vqex7,TN: 307 Ask: Verb:vqex7,TN: 307 Ask: Verb:vqex7
388,FN: 62 Ask: Verb:send,FP: 25 Ask:GIVE Verb:send,TP: 33 Ask:PERFORM Verb:send,TP: 28 Ask:PERFORM Verb:send,TP: 29 Ask:PERFORM Verb:send,TP: 29 Ask:PERFORM Verb:send,TP: 29 Ask:PERFORM Verb:send
389,TN: 318 Ask: Verb:colleague,TN: 305 Ask: Verb:colleague,TN: 295 Ask: Verb:colleague,TN: 308 Ask: Verb:colleague,TN: 308 Ask: Verb:colleague,TN: 308 Ask: Verb:colleague,TN: 308 Ask: Verb:colleague
390,TN: 319 Ask: Verb:conducting,TN: 306 Ask: Verb:conducting,TN: 296 Ask: Verb:conducting,TN: 309 Ask: Verb:conducting,TN: 309 Ask: Verb:conducting,TN: 309 Ask: Verb:conducting,TN: 309 Ask: Verb:conducting
391,TN: 320 Ask: Verb:is,TN: 307 Ask: Verb:is,TN: 297 Ask: Verb:is,TN: 310 Ask: Verb:is,TN: 310 Ask: Verb:is,TN: 310 Ask: Verb:is,TN: 310 Ask: Verb:is
392,TN: 321 Ask: Verb:entered,TN: 308 Ask: Verb:entered,TN: 298 Ask: Verb:entered,TN: 311 Ask: Verb:entered,TN: 311 Ask: Verb:entered,TN: 311 Ask: Verb:entered,TN: 311 Ask: Verb:entered
393,TN: 322 Ask: Verb:be,TN: 309 Ask: Verb:be,TN: 299 Ask: Verb:be,TN: 312 Ask: Verb:be,TN: 312 Ask: Verb:be,TN: 312 Ask: Verb:be,TN: 312 Ask: Verb:be
394,TN: 323 Ask: Verb:win,TN: 310 Ask: Verb:win,TN: 300 Ask: Verb:win,TN: 313 Ask: Verb:win,TN: 313 Ask: Verb:win,TN: 313 Ask: Verb:win,TN: 313 Ask: Verb:win
395,TN: 324 Ask: Verb:appreciate,TN: 311 Ask: Verb:appreciate,TN: 301 Ask: Verb:appreciate,TN: 314 Ask: Verb:appreciate,TN: 314 Ask: Verb:appreciate,TN: 314 Ask: Verb:appreciate,TN: 314 Ask: Verb:appreciate
396,FN: 63 Ask: Verb:contribute,FN: 52 Ask: Verb:contribute,FN: 34 Ask: Verb:contribute,FN: 39 Ask: Verb:contribute,FN: 38 Ask: Verb:contribute,FN: 38 Ask: Verb:contribute,FN: 38 Ask: Verb:contribute
397,TN: 325 Ask: Verb:thank,TN: 312 Ask: Verb:thank,TN: 302 Ask: Verb:thank,TN: 315 Ask: Verb:thank,TN: 315 Ask: Verb:thank,TN: 315 Ask: Verb:thank,TN: 315 Ask: Verb:thank
398,TN: 326 Ask: Verb:aiFuture.com,TN: 313 Ask: Verb:aiFuture.com,TN: 303 Ask: Verb:aiFuture.com,TN: 316 Ask: Verb:aiFuture.com,TN: 316 Ask: Verb:aiFuture.com,TN: 316 Ask: Verb:aiFuture.com,TN: 316 Ask: Verb:aiFuture.com
399,TN: 327 Ask: Verb:avenue,TN: 314 Ask: Verb:avenue,TN: 304 Ask: Verb:avenue,TN: 317 Ask: Verb:avenue,TN: 317 Ask: Verb:avenue,TN: 317 Ask: Verb:avenue,TN: 317 Ask: Verb:avenue
400,FN: 64 Ask: Verb:fax,FN: 53 Ask: Verb:fax,FN: 35 Ask: Verb:fax,FN: 40 Ask: Verb:fax,FN: 39 Ask: Verb:fax,FN: 39 Ask: Verb:fax,FN: 39 Ask: Verb:fax
401,TN: 328 Ask: Verb:is,TN: 315 Ask: Verb:is,TN: 305 Ask: Verb:is,TN: 318 Ask: Verb:is,TN: 318 Ask: Verb:is,TN: 318 Ask: Verb:is,TN: 318 Ask: Verb:is
402,TN: 329 Ask: Verb:being,TN: 316 Ask: Verb:being,TN: 306 Ask: Verb:being,TN: 319 Ask: Verb:being,TN: 319 Ask: Verb:being,TN: 319 Ask: Verb:being,TN: 319 Ask: Verb:being
403,TN: 330 Ask: Verb:sent,FP: 26 Ask:GIVE Verb:sent,FP: 29 Ask:PERFORM Verb:sent,TN: 320 Ask: Verb:sent,TN: 320 Ask: Verb:sent,TN: 320 Ask: Verb:sent,TN: 320 Ask: Verb:sent
404,TN: 331 Ask: Verb:is,TN: 317 Ask: Verb:is,TN: 307 Ask: Verb:is,TN: 321 Ask: Verb:is,TN: 321 Ask: Verb:is,TN: 321 Ask: Verb:is,TN: 321 Ask: Verb:is
405,TN: 332 Ask: Verb:interest,TN: 318 Ask: Verb:interest,TN: 308 Ask: Verb:interest,TN: 322 Ask: Verb:interest,TN: 322 Ask: Verb:interest,TN: 322 Ask: Verb:interest,TN: 322 Ask: Verb:interest
406,TN: 333 Ask: Verb:please,TN: 319 Ask: Verb:please,TN: 309 Ask: Verb:please,TN: 323 Ask: Verb:please,TN: 323 Ask: Verb:please,TN: 323 Ask: Verb:please,TN: 323 Ask: Verb:please
407,TN: 334 Ask: Verb:apologize,TN: 320 Ask: Verb:apologize,TN: 310 Ask: Verb:apologize,TN: 324 Ask: Verb:apologize,TN: 324 Ask: Verb:apologize,TN: 324 Ask: Verb:apologize,TN: 324 Ask: Verb:apologize
408,TN: 335 Ask: Verb:is,TN: 321 Ask: Verb:is,TN: 311 Ask: Verb:is,TN: 325 Ask: Verb:is,TN: 325 Ask: Verb:is,TN: 325 Ask: Verb:is,TN: 325 Ask: Verb:is
409,TN: 336 Ask: Verb:have,TN: 322 Ask: Verb:have,TN: 312 Ask: Verb:have,TN: 326 Ask: Verb:have,TN: 326 Ask: Verb:have,TN: 326 Ask: Verb:have,TN: 326 Ask: Verb:have
410,TN: 337 Ask: Verb:caused,TN: 323 Ask: Verb:caused,TN: 313 Ask: Verb:caused,TN: 327 Ask: Verb:caused,TN: 327 Ask: Verb:caused,TN: 327 Ask: Verb:caused,TN: 327 Ask: Verb:caused
411,FN: 65 Ask: Verb:go,FN: 54 Ask: Verb:go,FN: 36 Ask: Verb:go,FN: 41 Ask: Verb:go,FN: 40 Ask: Verb:go,FN: 40 Ask: Verb:go,FN: 40 Ask: Verb:go
412,TN: 338 Ask: Verb:research,TN: 324 Ask: Verb:research,TN: 314 Ask: Verb:research,TN: 328 Ask: Verb:research,TN: 328 Ask: Verb:research,TN: 328 Ask: Verb:research,TN: 328 Ask: Verb:research
413,TN: 339 Ask: Verb:meeting,TN: 325 Ask: Verb:meeting,TN: 315 Ask: Verb:meeting,TN: 329 Ask: Verb:meeting,TN: 329 Ask: Verb:meeting,TN: 329 Ask: Verb:meeting,TN: 329 Ask: Verb:meeting
414,TN: 340 Ask: Verb:be,TN: 326 Ask: Verb:be,TN: 316 Ask: Verb:be,TN: 330 Ask: Verb:be,TN: 330 Ask: Verb:be,TN: 330 Ask: Verb:be,TN: 330 Ask: Verb:be
415,TN: 341 Ask: Verb:minutes,TN: 327 Ask: Verb:minutes,TN: 317 Ask: Verb:minutes,TN: 331 Ask: Verb:minutes,TN: 331 Ask: Verb:minutes,TN: 331 Ask: Verb:minutes,TN: 331 Ask: Verb:minutes
416,TN: 342 Ask: Verb:be,TN: 328 Ask: Verb:be,TN: 318 Ask: Verb:be,TN: 332 Ask: Verb:be,TN: 332 Ask: Verb:be,TN: 332 Ask: Verb:be,TN: 332 Ask: Verb:be
417,TN: 343 Ask: Verb:please,TN: 329 Ask: Verb:please,TN: 319 Ask: Verb:please,TN: 333 Ask: Verb:please,TN: 333 Ask: Verb:please,TN: 333 Ask: Verb:please,TN: 333 Ask: Verb:please
418,FN: 66 Ask: Verb:schedule,FN: 55 Ask: Verb:schedule,FN: 37 Ask: Verb:schedule,FN: 42 Ask: Verb:schedule,FN: 41 Ask: Verb:schedule,FN: 41 Ask: Verb:schedule,FN: 41 Ask: Verb:schedule
419,TN: 344 Ask: Verb:thanks,TN: 330 Ask: Verb:thanks,TN: 320 Ask: Verb:thanks,TN: 334 Ask: Verb:thanks,TN: 334 Ask: Verb:thanks,TN: 334 Ask: Verb:thanks,TN: 334 Ask: Verb:thanks
420,TN: 345 Ask: Verb:ready,TN: 331 Ask: Verb:ready,TN: 321 Ask: Verb:ready,TN: 335 Ask: Verb:ready,TN: 335 Ask: Verb:ready,TN: 335 Ask: Verb:ready,TN: 335 Ask: Verb:ready
421,TN: 346 Ask: Verb:has,TN: 332 Ask: Verb:has,TN: 322 Ask: Verb:has,TN: 336 Ask: Verb:has,TN: 336 Ask: Verb:has,TN: 336 Ask: Verb:has,TN: 336 Ask: Verb:has
422,TN: 347 Ask: Verb:found,TN: 333 Ask: Verb:found,FP: 30 Ask:PERFORM Verb:found,TN: 337 Ask: Verb:found,TN: 337 Ask: Verb:found,TN: 337 Ask: Verb:found,TN: 337 Ask: Verb:found
423,TN: 348 Ask: Verb:is,TN: 334 Ask: Verb:is,TN: 323 Ask: Verb:is,TN: 338 Ask: Verb:is,TN: 338 Ask: Verb:is,TN: 338 Ask: Verb:is,TN: 338 Ask: Verb:is
424,TN: 349 Ask: Verb:prescribed,TN: 335 Ask: Verb:prescribed,TN: 324 Ask: Verb:prescribed,TN: 339 Ask: Verb:prescribed,TN: 339 Ask: Verb:prescribed,TN: 339 Ask: Verb:prescribed,TN: 339 Ask: Verb:prescribed
425,TN: 350 Ask: Verb:sleeping,TN: 336 Ask: Verb:sleeping,TN: 325 Ask: Verb:sleeping,TN: 340 Ask: Verb:sleeping,TN: 340 Ask: Verb:sleeping,TN: 340 Ask: Verb:sleeping,TN: 340 Ask: Verb:sleeping
426,FN: 67 Ask: Verb:find,FN: 56 Ask: Verb:find,TP: 34 Ask:PERFORM Verb:find,TP: 29 Ask:PERFORM Verb:find,TP: 30 Ask:PERFORM Verb:find,TP: 30 Ask:PERFORM Verb:find,TP: 30 Ask:PERFORM Verb:find
427,FN: 68 Ask: Verb:contact,FN: 57 Ask: Verb:contact,FN: 38 Ask: Verb:contact,FN: 43 Ask: Verb:contact,FN: 42 Ask: Verb:contact,FN: 42 Ask: Verb:contact,FN: 42 Ask: Verb:contact
428,TN: 351 Ask: Verb:one,TN: 337 Ask: Verb:one,TN: 326 Ask: Verb:one,TN: 341 Ask: Verb:one,TN: 341 Ask: Verb:one,TN: 341 Ask: Verb:one,TN: 341 Ask: Verb:one
429,TN: 352 Ask: Verb:three,TN: 338 Ask: Verb:three,TN: 327 Ask: Verb:three,TN: 342 Ask: Verb:three,TN: 342 Ask: Verb:three,TN: 342 Ask: Verb:three,TN: 342 Ask: Verb:three
430,TN: 353 Ask: Verb:grand,TN: 339 Ask: Verb:grand,TN: 328 Ask: Verb:grand,TN: 343 Ask: Verb:grand,TN: 343 Ask: Verb:grand,TN: 343 Ask: Verb:grand,TN: 343 Ask: Verb:grand
431,TN: 354 Ask: Verb:was,TN: 340 Ask: Verb:was,TN: 329 Ask: Verb:was,TN: 344 Ask: Verb:was,TN: 344 Ask: Verb:was,TN: 344 Ask: Verb:was,TN: 344 Ask: Verb:was
432,TN: 355 Ask: Verb:was,TN: 341 Ask: Verb:was,TN: 330 Ask: Verb:was,TN: 345 Ask: Verb:was,TN: 345 Ask: Verb:was,TN: 345 Ask: Verb:was,TN: 345 Ask: Verb:was
433,TN: 356 Ask: Verb:resented,TN: 342 Ask: Verb:resented,TN: 331 Ask: Verb:resented,TN: 346 Ask: Verb:resented,TN: 346 Ask: Verb:resented,TN: 346 Ask: Verb:resented,TN: 346 Ask: Verb:resented
434,TN: 357 Ask: Verb:supporting,TN: 343 Ask: Verb:supporting,FP: 31 Ask:PERFORM Verb:supporting,TN: 347 Ask: Verb:supporting,TN: 347 Ask: Verb:supporting,TN: 347 Ask: Verb:supporting,TN: 347 Ask: Verb:supporting
435,TN: 358 Ask: Verb:ranted,TN: 344 Ask: Verb:ranted,TN: 332 Ask: Verb:ranted,TN: 348 Ask: Verb:ranted,TN: 348 Ask: Verb:ranted,TN: 348 Ask: Verb:ranted,TN: 348 Ask: Verb:ranted
436,TN: 359 Ask: Verb:having,TN: 345 Ask: Verb:having,TN: 333 Ask: Verb:having,TN: 349 Ask: Verb:having,TN: 349 Ask: Verb:having,TN: 349 Ask: Verb:having,TN: 349 Ask: Verb:having
437,FP: 7 Ask:PERFORM Verb:do,TN: 346 Ask: Verb:do,TN: 334 Ask: Verb:do,TN: 350 Ask: Verb:do,TN: 350 Ask: Verb:do,TN: 350 Ask: Verb:do,TN: 350 Ask: Verb:do
438,TN: 360 Ask: Verb:known,TN: 347 Ask: Verb:known,TN: 335 Ask: Verb:known,TN: 351 Ask: Verb:known,TN: 351 Ask: Verb:known,TN: 351 Ask: Verb:known,TN: 351 Ask: Verb:known
439,TN: 361 Ask: Verb:ummmm,TN: 348 Ask: Verb:ummmm,TN: 336 Ask: Verb:ummmm,TN: 352 Ask: Verb:ummmm,TN: 352 Ask: Verb:ummmm,TN: 352 Ask: Verb:ummmm,TN: 352 Ask: Verb:ummmm
440,TN: 362 Ask: Verb:dump,TN: 349 Ask: Verb:dump,TN: 337 Ask: Verb:dump,TN: 353 Ask: Verb:dump,TN: 353 Ask: Verb:dump,TN: 353 Ask: Verb:dump,TN: 353 Ask: Verb:dump
441,TN: 363 Ask: Verb:drove,TN: 350 Ask: Verb:drove,TN: 338 Ask: Verb:drove,TN: 354 Ask: Verb:drove,TN: 354 Ask: Verb:drove,TN: 354 Ask: Verb:drove,TN: 354 Ask: Verb:drove
442,TN: 364 Ask: Verb:thought,TN: 351 Ask: Verb:thought,TN: 339 Ask: Verb:thought,TN: 355 Ask: Verb:thought,TN: 355 Ask: Verb:thought,TN: 355 Ask: Verb:thought,TN: 355 Ask: Verb:thought
443,TN: 365 Ask: Verb:about,TN: 352 Ask: Verb:about,TN: 340 Ask: Verb:about,TN: 356 Ask: Verb:about,TN: 356 Ask: Verb:about,TN: 356 Ask: Verb:about,TN: 356 Ask: Verb:about
444,TN: 366 Ask: Verb:please,TN: 353 Ask: Verb:please,TN: 341 Ask: Verb:please,TN: 357 Ask: Verb:please,TN: 357 Ask: Verb:please,TN: 357 Ask: Verb:please,TN: 357 Ask: Verb:please
445,TN: 367 Ask: Verb:have,TN: 354 Ask: Verb:have,TN: 342 Ask: Verb:have,TN: 358 Ask: Verb:have,TN: 358 Ask: Verb:have,TN: 358 Ask: Verb:have,TN: 358 Ask: Verb:have
446,TN: 368 Ask: Verb:was,TN: 355 Ask: Verb:was,TN: 343 Ask: Verb:was,TN: 359 Ask: Verb:was,TN: 359 Ask: Verb:was,TN: 359 Ask: Verb:was,TN: 359 Ask: Verb:was
447,TN: 369 Ask: Verb:got,TN: 356 Ask: Verb:got,TN: 344 Ask: Verb:got,TN: 360 Ask: Verb:got,TN: 360 Ask: Verb:got,TN: 360 Ask: Verb:got,TN: 360 Ask: Verb:got
448,TN: 370 Ask: Verb:complained,TN: 357 Ask: Verb:complained,TN: 345 Ask: Verb:complained,TN: 361 Ask: Verb:complained,TN: 361 Ask: Verb:complained,TN: 361 Ask: Verb:complained,TN: 361 Ask: Verb:complained
449,TN: 371 Ask: Verb:demanded,TN: 358 Ask: Verb:demanded,TN: 346 Ask: Verb:demanded,TN: 362 Ask: Verb:demanded,TN: 362 Ask: Verb:demanded,TN: 362 Ask: Verb:demanded,TN: 362 Ask: Verb:demanded
450,TN: 372 Ask: Verb:have,TN: 359 Ask: Verb:have,TN: 347 Ask: Verb:have,TN: 363 Ask: Verb:have,TN: 363 Ask: Verb:have,TN: 363 Ask: Verb:have,TN: 363 Ask: Verb:have
451,TN: 373 Ask: Verb:ing,TN: 360 Ask: Verb:ing,TN: 348 Ask: Verb:ing,TN: 364 Ask: Verb:ing,TN: 364 Ask: Verb:ing,TN: 364 Ask: Verb:ing,TN: 364 Ask: Verb:ing
452,FP: 8 Ask:PERFORM Verb:realizing,TN: 361 Ask: Verb:realizing,TN: 349 Ask: Verb:realizing,TN: 365 Ask: Verb:realizing,TN: 365 Ask: Verb:realizing,TN: 365 Ask: Verb:realizing,TN: 365 Ask: Verb:realizing
453,TN: 374 Ask: Verb:are,TN: 362 Ask: Verb:are,TN: 350 Ask: Verb:are,TN: 366 Ask: Verb:are,TN: 366 Ask: Verb:are,TN: 366 Ask: Verb:are,TN: 366 Ask: Verb:are
454,TN: 375 Ask: Verb:worked,TN: 363 Ask: Verb:worked,TN: 351 Ask: Verb:worked,TN: 367 Ask: Verb:worked,TN: 367 Ask: Verb:worked,TN: 367 Ask: Verb:worked,TN: 367 Ask: Verb:worked
455,TN: 376 Ask: Verb:job,TN: 364 Ask: Verb:job,TN: 352 Ask: Verb:job,TN: 368 Ask: Verb:job,TN: 368 Ask: Verb:job,TN: 368 Ask: Verb:job,TN: 368 Ask: Verb:job
456,TN: 377 Ask: Verb:restaurant,TN: 365 Ask: Verb:restaurant,TN: 353 Ask: Verb:restaurant,TN: 369 Ask: Verb:restaurant,TN: 369 Ask: Verb:restaurant,TN: 369 Ask: Verb:restaurant,TN: 369 Ask: Verb:restaurant
457,TN: 378 Ask: Verb:was,TN: 366 Ask: Verb:was,TN: 354 Ask: Verb:was,TN: 370 Ask: Verb:was,TN: 370 Ask: Verb:was,TN: 370 Ask: Verb:was,TN: 370 Ask: Verb:was
458,TN: 379 Ask: Verb:talking,TN: 367 Ask: Verb:talking,TN: 355 Ask: Verb:talking,TN: 371 Ask: Verb:talking,TN: 371 Ask: Verb:talking,TN: 371 Ask: Verb:talking,TN: 371 Ask: Verb:talking
459,TN: 380 Ask: Verb:asked,FP: 27 Ask:PERFORM Verb:asked,FP: 32 Ask:PERFORM Verb:asked,TN: 372 Ask: Verb:asked,TN: 372 Ask: Verb:asked,TN: 372 Ask: Verb:asked,TN: 372 Ask: Verb:asked
460,TN: 381 Ask: Verb:was,TN: 368 Ask: Verb:was,TN: 356 Ask: Verb:was,TN: 373 Ask: Verb:was,TN: 373 Ask: Verb:was,TN: 373 Ask: Verb:was,TN: 373 Ask: Verb:was
461,TN: 382 Ask: Verb:have,TN: 369 Ask: Verb:have,TN: 357 Ask: Verb:have,TN: 374 Ask: Verb:have,TN: 374 Ask: Verb:have,TN: 374 Ask: Verb:have,TN: 374 Ask: Verb:have
462,TN: 383 Ask: Verb:understand,TN: 370 Ask: Verb:understand,TN: 358 Ask: Verb:understand,TN: 375 Ask: Verb:understand,TN: 375 Ask: Verb:understand,TN: 375 Ask: Verb:understand,TN: 375 Ask: Verb:understand
463,TN: 384 Ask: Verb:were,TN: 371 Ask: Verb:were,TN: 359 Ask: Verb:were,TN: 376 Ask: Verb:were,TN: 376 Ask: Verb:were,TN: 376 Ask: Verb:were,TN: 376 Ask: Verb:were
464,TN: 385 Ask: Verb:explained,TN: 372 Ask: Verb:explained,TN: 360 Ask: Verb:explained,TN: 377 Ask: Verb:explained,TN: 377 Ask: Verb:explained,TN: 377 Ask: Verb:explained,TN: 377 Ask: Verb:explained
465,TN: 386 Ask: Verb:ran,TN: 373 Ask: Verb:ran,TN: 361 Ask: Verb:ran,TN: 378 Ask: Verb:ran,TN: 378 Ask: Verb:ran,TN: 378 Ask: Verb:ran,TN: 378 Ask: Verb:ran
466,TN: 387 Ask: Verb:ran,TN: 374 Ask: Verb:ran,TN: 362 Ask: Verb:ran,TN: 379 Ask: Verb:ran,TN: 379 Ask: Verb:ran,TN: 379 Ask: Verb:ran,TN: 379 Ask: Verb:ran
467,TN: 388 Ask: Verb:serving,FP: 28 Ask:GIVE Verb:serving,FP: 33 Ask:GIVE Verb:serving,TN: 380 Ask: Verb:serving,TN: 380 Ask: Verb:serving,TN: 380 Ask: Verb:serving,TN: 380 Ask: Verb:serving
468,TN: 389 Ask: Verb:understands,TN: 375 Ask: Verb:understands,TN: 363 Ask: Verb:understands,TN: 381 Ask: Verb:understands,TN: 381 Ask: Verb:understands,TN: 381 Ask: Verb:understands,TN: 381 Ask: Verb:understands
469,TN: 390 Ask: Verb:was,TN: 376 Ask: Verb:was,TN: 364 Ask: Verb:was,TN: 382 Ask: Verb:was,TN: 382 Ask: Verb:was,TN: 382 Ask: Verb:was,TN: 382 Ask: Verb:was
470,TN: 391 Ask: Verb:looked,TN: 377 Ask: Verb:looked,FP: 34 Ask:PERFORM Verb:looked,TN: 383 Ask: Verb:looked,TN: 383 Ask: Verb:looked,TN: 383 Ask: Verb:looked,TN: 383 Ask: Verb:looked
471,TN: 392 Ask: Verb:have,TN: 378 Ask: Verb:have,TN: 365 Ask: Verb:have,TN: 384 Ask: Verb:have,TN: 384 Ask: Verb:have,TN: 384 Ask: Verb:have,TN: 384 Ask: Verb:have
472,FN: 69 Ask: Verb:need,FN: 58 Ask: Verb:need,FN: 39 Ask: Verb:need,FN: 44 Ask: Verb:need,FN: 43 Ask: Verb:need,FN: 43 Ask: Verb:need,FN: 43 Ask: Verb:need
